"Behaviour","Precision","Recall","F1","Accuracy","Prevelance"
"Class: drink",0.793939393939394,0.700534759358289,0.744318181818182,0.849126286915015,187
"Class: eat",0.214285714285714,0.215704824976348,0.214992927864215,0.578054864726554,1057
"Class: lay",0.286591606960082,0.120430107526882,0.169594185342217,0.532903141537736,2325
"Class: run",0.960076045627376,0.955534531693472,0.957799905168326,0.976270259858712,1057
"Class: sit",0.395461912479741,0.374520337682272,0.384706346078045,0.660195882090301,1303
"Class: stand",0.407040913415794,0.526717557251908,0.459209961356805,0.622030767014924,4061
"Class: trot",0.879323597232898,0.869961977186312,0.874617737003058,0.929280189755102,1315
"Class: walk",0.754272974981422,0.805555555555556,0.779071254957145,0.85890338591577,3780
"Macro-Average",0.586374019865303,0.57111995640388,0.573038812448499,0.750845597226764,NA
