Activity,smoothing_type,rep_id,Metric,Score
Foraging,Bayesian,1,Precision,0.948979591836735
Foraging,Bayesian,1,Recall,0.93
Foraging,Bayesian,1,F1,0.939393939393939
Foraging,Bayesian,1,Accuracy,0.960487364620939
Locomotion,Bayesian,1,Precision,0.98989898989899
Locomotion,Bayesian,1,Recall,0.98
Locomotion,Bayesian,1,F1,0.984924623115578
Locomotion,Bayesian,1,Accuracy,0.989097472924188
Stationary,Bayesian,1,Precision,0.99
Stationary,Bayesian,1,Recall,0.383720930232558
Stationary,Bayesian,1,F1,0.553072625698324
Stationary,Bayesian,1,Accuracy,0.690597838853653
TreeMovement,Bayesian,1,Precision,0.540616246498599
TreeMovement,Bayesian,1,Recall,0.984693877551021
TreeMovement,Bayesian,1,F1,0.698010849909584
TreeMovement,Bayesian,1,Accuracy,0.813307637465467
Macro-Average,Bayesian,1,Precision,0.867373707058581
Macro-Average,Bayesian,1,Recall,0.819603701945895
Macro-Average,Bayesian,1,F1,0.793850509529356
Macro-Average,Bayesian,1,Accuracy,0.863372578466062
Foraging,Bayesian,2,Precision,0.902173913043478
Foraging,Bayesian,2,Recall,0.416040100250627
Foraging,Bayesian,2,F1,0.569468267581475
Foraging,Bayesian,2,Accuracy,0.694784756007666
Locomotion,Bayesian,2,Precision,0.948905109489051
Locomotion,Bayesian,2,Recall,0.915492957746479
Locomotion,Bayesian,2,F1,0.931899641577061
Locomotion,Bayesian,2,Accuracy,0.954011153366302
Stationary,Bayesian,2,Precision,0.474576271186441
Stationary,Bayesian,2,Recall,0.916363636363636
Stationary,Bayesian,2,F1,0.625310173697271
Stationary,Bayesian,2,Accuracy,0.784674355495251
TreeMovement,Bayesian,2,Precision,0.519823788546256
TreeMovement,Bayesian,2,Recall,0.448669201520913
TreeMovement,Bayesian,2,F1,0.481632653061225
TreeMovement,Bayesian,2,Accuracy,0.657545385074182
Macro-Average,Bayesian,2,Precision,0.711369770566306
Macro-Average,Bayesian,2,Recall,0.674141473970414
Macro-Average,Bayesian,2,F1,0.652077683979258
Macro-Average,Bayesian,2,Accuracy,0.77275391248585
Foraging,Bayesian,3,Precision,0.951923076923077
Foraging,Bayesian,3,Recall,0.99
Foraging,Bayesian,3,F1,0.970588235294118
Foraging,Bayesian,3,Accuracy,0.989033412887828
Locomotion,Bayesian,3,Precision,1
Locomotion,Bayesian,3,Recall,1
Locomotion,Bayesian,3,F1,1
Locomotion,Bayesian,3,Accuracy,1
Stationary,Bayesian,3,Precision,1
Stationary,Bayesian,3,Recall,0.685897435897436
Stationary,Bayesian,3,F1,0.813688212927757
Stationary,Bayesian,3,Accuracy,0.842948717948718
TreeMovement,Bayesian,3,Precision,0.783653846153846
TreeMovement,Bayesian,3,Recall,1
TreeMovement,Bayesian,3,F1,0.878706199460916
TreeMovement,Bayesian,3,Accuracy,0.936797752808989
Macro-Average,Bayesian,3,Precision,0.933894230769231
Macro-Average,Bayesian,3,Recall,0.918974358974359
Macro-Average,Bayesian,3,F1,0.915745661920698
Macro-Average,Bayesian,3,Accuracy,0.942194970911384
Foraging,Duration,1,Precision,0.845454545454546
Foraging,Duration,1,Recall,0.93
Foraging,Duration,1,F1,0.885714285714286
Foraging,Duration,1,Accuracy,0.949657039711191
Locomotion,Duration,1,Precision,0.921875
Locomotion,Duration,1,Recall,0.59
Locomotion,Duration,1,F1,0.719512195121951
Locomotion,Duration,1,Accuracy,0.790487364620939
Stationary,Duration,1,Precision,0.9921875
Stationary,Duration,1,Recall,0.492248062015504
Stationary,Duration,1,F1,0.658031088082902
Stationary,Duration,1,Accuracy,0.744861404745126
TreeMovement,Duration,1,Precision,0.519886363636364
TreeMovement,Duration,1,Recall,0.933673469387755
TreeMovement,Duration,1,F1,0.667883211678832
TreeMovement,Duration,1,Accuracy,0.782338918099991
Macro-Average,Duration,1,Precision,0.819850852272727
Macro-Average,Duration,1,Recall,0.736480382850815
Macro-Average,Duration,1,F1,0.732785195149493
Macro-Average,Duration,1,Accuracy,0.816836181794312
Foraging,Duration,2,Precision,0.813131313131313
Foraging,Duration,2,Recall,0.403508771929825
Foraging,Duration,2,F1,0.539363484087102
Foraging,Duration,2,Accuracy,0.674548503611971
Locomotion,Duration,2,Precision,0.91156462585034
Locomotion,Duration,2,Recall,0.943661971830986
Locomotion,Duration,2,F1,0.927335640138408
Locomotion,Duration,2,Accuracy,0.964893952831181
Stationary,Duration,2,Precision,0.495291902071563
Stationary,Duration,2,Recall,0.956363636363636
Stationary,Duration,2,F1,0.652605459057072
Stationary,Duration,2,Accuracy,0.811515151515152
TreeMovement,Duration,2,Precision,0.586206896551724
TreeMovement,Duration,2,Recall,0.452471482889734
TreeMovement,Duration,2,F1,0.510729613733906
TreeMovement,Duration,2,Accuracy,0.674765153209573
Macro-Average,Duration,2,Precision,0.701548684401235
Macro-Average,Duration,2,Recall,0.689001465753545
Macro-Average,Duration,2,F1,0.657508549254122
Macro-Average,Duration,2,Accuracy,0.781430690291969
Foraging,Duration,3,Precision,0.60248447204969
Foraging,Duration,3,Recall,0.97
Foraging,Duration,3,F1,0.743295019157088
Foraging,Duration,3,Accuracy,0.9086276849642
Locomotion,Duration,3,Precision,0.984615384615385
Locomotion,Duration,3,Recall,0.64
Locomotion,Duration,3,F1,0.775757575757576
Locomotion,Duration,3,Accuracy,0.818806682577566
Stationary,Duration,3,Precision,0.926229508196721
Stationary,Duration,3,Recall,0.724358974358974
Stationary,Duration,3,F1,0.81294964028777
Stationary,Duration,3,Accuracy,0.849782792964611
TreeMovement,Duration,3,Precision,0.853801169590643
TreeMovement,Duration,3,Recall,0.895705521472393
TreeMovement,Duration,3,F1,0.874251497005988
TreeMovement,Duration,3,Accuracy,0.912740401185635
Macro-Average,Duration,3,Precision,0.84178263361311
Macro-Average,Duration,3,Recall,0.807516123957842
Macro-Average,Duration,3,F1,0.801563433052105
Macro-Average,Duration,3,Accuracy,0.872489390423003
Foraging,HMM,1,Precision,0.641379310344828
Foraging,HMM,1,Recall,0.93
Foraging,HMM,1,F1,0.759183673469388
Foraging,HMM,1,Accuracy,0.918068592057762
Locomotion,HMM,1,Precision,0.950819672131147
Locomotion,HMM,1,Recall,0.58
Locomotion,HMM,1,F1,0.720496894409938
Locomotion,HMM,1,Accuracy,0.787292418772563
Stationary,HMM,1,Precision,1
Stationary,HMM,1,Recall,0.534883720930233
Stationary,HMM,1,F1,0.696969696969697
Stationary,HMM,1,Accuracy,0.767441860465116
TreeMovement,HMM,1,Precision,0.596774193548387
TreeMovement,HMM,1,Recall,0.943877551020408
TreeMovement,HMM,1,F1,0.731225296442688
TreeMovement,HMM,1,Accuracy,0.835475893414134
Macro-Average,HMM,1,Precision,0.797243294006091
Macro-Average,HMM,1,Recall,0.74719031798766
Macro-Average,HMM,1,F1,0.726968890322928
Macro-Average,HMM,1,Accuracy,0.827069691177394
Foraging,HMM,2,Precision,0.775401069518717
Foraging,HMM,2,Recall,0.363408521303258
Foraging,HMM,2,F1,0.494880546075085
Foraging,HMM,2,Accuracy,0.650821907710453
Locomotion,HMM,2,Precision,0.915492957746479
Locomotion,HMM,2,Recall,0.915492957746479
Locomotion,HMM,2,F1,0.915492957746479
Locomotion,HMM,2,Accuracy,0.95134306371849
Stationary,HMM,2,Precision,0.538947368421053
Stationary,HMM,2,Recall,0.930909090909091
Stationary,HMM,2,F1,0.682666666666667
Stationary,HMM,2,Accuracy,0.829260515603799
TreeMovement,HMM,2,Precision,0.490909090909091
TreeMovement,HMM,2,Recall,0.513307984790874
TreeMovement,HMM,2,F1,0.50185873605948
TreeMovement,HMM,2,Accuracy,0.670869678669947
Macro-Average,HMM,2,Precision,0.680187621648835
Macro-Average,HMM,2,Recall,0.680779638687426
Macro-Average,HMM,2,F1,0.648724726636928
Macro-Average,HMM,2,Accuracy,0.775573791425672
Foraging,HMM,3,Precision,0.625
Foraging,HMM,3,Recall,0.95
Foraging,HMM,3,F1,0.753968253968254
Foraging,HMM,3,Accuracy,0.906980906921241
Locomotion,HMM,3,Precision,0.984615384615385
Locomotion,HMM,3,Recall,0.64
Locomotion,HMM,3,F1,0.775757575757576
Locomotion,HMM,3,Accuracy,0.818806682577566
Stationary,HMM,3,Precision,0.9140625
Stationary,HMM,3,Recall,0.75
Stationary,HMM,3,F1,0.823943661971831
Stationary,HMM,3,Accuracy,0.859848484848485
TreeMovement,HMM,3,Precision,0.85632183908046
TreeMovement,HMM,3,Recall,0.914110429447853
TreeMovement,HMM,3,F1,0.884272997032641
TreeMovement,HMM,3,Accuracy,0.921942855173365
Macro-Average,HMM,3,Precision,0.844999930923961
Macro-Average,HMM,3,Recall,0.813527607361963
Macro-Average,HMM,3,F1,0.809485622182575
Macro-Average,HMM,3,Accuracy,0.876894732380164
Foraging,Mode,1,Precision,0.864077669902913
Foraging,Mode,1,Recall,0.89
Foraging,Mode,1,F1,0.876847290640394
Foraging,Mode,1,Accuracy,0.932364620938628
Locomotion,Mode,1,Precision,0.967741935483871
Locomotion,Mode,1,Recall,0.6
Locomotion,Mode,1,F1,0.740740740740741
Locomotion,Mode,1,Accuracy,0.798194945848375
Stationary,Mode,1,Precision,0.992
Stationary,Mode,1,Recall,0.48062015503876
Stationary,Mode,1,F1,0.647519582245431
Stationary,Mode,1,Accuracy,0.739047451256754
TreeMovement,Mode,1,Precision,0.516483516483517
TreeMovement,Mode,1,Recall,0.959183673469388
TreeMovement,Mode,1,F1,0.671428571428572
TreeMovement,Mode,1,Accuracy,0.787452098743428
Macro-Average,Mode,1,Precision,0.835075780467575
Macro-Average,Mode,1,Recall,0.732450957127037
Macro-Average,Mode,1,F1,0.734134046263784
Macro-Average,Mode,1,Accuracy,0.814264779196796
Foraging,Mode,2,Precision,0.808290155440415
Foraging,Mode,2,Recall,0.390977443609023
Foraging,Mode,2,F1,0.527027027027027
Foraging,Mode,2,Accuracy,0.66828283945157
Locomotion,Mode,2,Precision,0.887417218543046
Locomotion,Mode,2,Recall,0.943661971830986
Locomotion,Mode,2,F1,0.914675767918089
Locomotion,Mode,2,Accuracy,0.962759481112932
Stationary,Mode,2,Precision,0.477064220183486
Stationary,Mode,2,Recall,0.945454545454546
Stationary,Mode,2,F1,0.634146341463415
Stationary,Mode,2,Accuracy,0.795488466757124
TreeMovement,Mode,2,Precision,0.563157894736842
TreeMovement,Mode,2,Recall,0.406844106463878
TreeMovement,Mode,2,F1,0.472406181015453
TreeMovement,Mode,2,Accuracy,0.652564210094684
Macro-Average,Mode,2,Precision,0.683982372225947
Macro-Average,Mode,2,Recall,0.671734516839608
Macro-Average,Mode,2,F1,0.637063829355996
Macro-Average,Mode,2,Accuracy,0.769773749354077
Foraging,Mode,3,Precision,0.463768115942029
Foraging,Mode,3,Recall,0.96
Foraging,Mode,3,F1,0.625407166123779
Foraging,Mode,3,Accuracy,0.847541766109785
Locomotion,Mode,3,Precision,1
Locomotion,Mode,3,Recall,0.68
Locomotion,Mode,3,F1,0.80952380952381
Locomotion,Mode,3,Accuracy,0.84
Stationary,Mode,3,Precision,0.944444444444444
Stationary,Mode,3,Recall,0.435897435897436
Stationary,Mode,3,F1,0.596491228070176
Stationary,Mode,3,Accuracy,0.71243907607544
TreeMovement,Mode,3,Precision,0.895348837209302
TreeMovement,Mode,3,Recall,0.94478527607362
TreeMovement,Mode,3,F1,0.919402985074627
TreeMovement,Mode,3,Accuracy,0.947111739160405
Macro-Average,Mode,3,Precision,0.825890349398944
Macro-Average,Mode,3,Recall,0.755170677992764
Macro-Average,Mode,3,F1,0.737706297198098
Macro-Average,Mode,3,Accuracy,0.836773145336408
Foraging,No,1,Precision,0.792079207920792
Foraging,No,1,Recall,0.8
Foraging,No,1,F1,0.796019900497513
Foraging,No,1,Accuracy,0.881046931407942
Locomotion,No,1,Precision,0.950819672131147
Locomotion,No,1,Recall,0.58
Locomotion,No,1,F1,0.720496894409938
Locomotion,No,1,Accuracy,0.787292418772563
Stationary,No,1,Precision,1
Stationary,No,1,Recall,0.515503875968992
Stationary,No,1,F1,0.680306905370844
Stationary,No,1,Accuracy,0.757751937984496
TreeMovement,No,1,Precision,0.512534818941504
TreeMovement,No,1,Recall,0.938775510204082
TreeMovement,No,1,F1,0.663063063063063
TreeMovement,No,1,Accuracy,0.778339720167543
Macro-Average,No,1,Precision,0.813858424748361
Macro-Average,No,1,Recall,0.708569846543269
Macro-Average,No,1,F1,0.714971690835339
Macro-Average,No,1,Accuracy,0.801107752083136
Foraging,No,2,Precision,0.775401069518717
Foraging,No,2,Recall,0.363408521303258
Foraging,No,2,F1,0.494880546075085
Foraging,No,2,Accuracy,0.650821907710453
Locomotion,No,2,Precision,0.915492957746479
Locomotion,No,2,Recall,0.915492957746479
Locomotion,No,2,F1,0.915492957746479
Locomotion,No,2,Accuracy,0.95134306371849
Stationary,No,2,Precision,0.49625468164794
Stationary,No,2,Recall,0.963636363636364
Stationary,No,2,F1,0.65512978986403
Stationary,No,2,Accuracy,0.814529624604251
TreeMovement,No,2,Precision,0.513888888888889
TreeMovement,No,2,Recall,0.422053231939164
TreeMovement,No,2,F1,0.463465553235908
TreeMovement,No,2,Accuracy,0.646688380675464
Macro-Average,No,2,Precision,0.675259399450506
Macro-Average,No,2,Recall,0.666147768656316
Macro-Average,No,2,F1,0.632242211730376
Macro-Average,No,2,Accuracy,0.765845744177165
Foraging,No,3,Precision,0.461165048543689
Foraging,No,3,Recall,0.95
Foraging,No,3,F1,0.620915032679739
Foraging,No,3,Accuracy,0.842541766109785
Locomotion,No,3,Precision,0.984615384615385
Locomotion,No,3,Recall,0.64
Locomotion,No,3,F1,0.775757575757576
Locomotion,No,3,Accuracy,0.818806682577566
Stationary,No,3,Precision,0.925
Stationary,No,3,Recall,0.474358974358974
Stationary,No,3,F1,0.627118644067797
Stationary,No,3,Accuracy,0.72891502436957
TreeMovement,No,3,Precision,0.875
TreeMovement,No,3,Recall,0.901840490797546
TreeMovement,No,3,F1,0.88821752265861
TreeMovement,No,3,Accuracy,0.921425863376301
Macro-Average,No,3,Precision,0.811445108289768
Macro-Average,No,3,Recall,0.74154986628913
Macro-Average,No,3,F1,0.72800219379093
Macro-Average,No,3,Accuracy,0.827922334108305
Foraging,Transition,1,Precision,0.891304347826087
Foraging,Transition,1,Recall,0.82
Foraging,Transition,1,F1,0.854166666666667
Foraging,Transition,1,Accuracy,0.900974729241877
Locomotion,Transition,1,Precision,0.966101694915254
Locomotion,Transition,1,Recall,0.57
Locomotion,Transition,1,F1,0.716981132075472
Locomotion,Transition,1,Accuracy,0.783194945848375
Stationary,Transition,1,Precision,1
Stationary,Transition,1,Recall,0.503875968992248
Stationary,Transition,1,F1,0.670103092783505
Stationary,Transition,1,Accuracy,0.751937984496124
TreeMovement,Transition,1,Precision,0.506702412868633
TreeMovement,Transition,1,Recall,0.964285714285714
TreeMovement,Transition,1,F1,0.664323374340949
TreeMovement,Transition,1,Accuracy,0.781269494697442
Macro-Average,Transition,1,Precision,0.841027113902493
Macro-Average,Transition,1,Recall,0.714540420819491
Macro-Average,Transition,1,F1,0.726393566466648
Macro-Average,Transition,1,Accuracy,0.804344288570955
Foraging,Transition,2,Precision,0.82183908045977
Foraging,Transition,2,Recall,0.358395989974937
Foraging,Transition,2,F1,0.49912739965096
Foraging,Transition,2,Accuracy,0.65640387734041
Locomotion,Transition,2,Precision,0.921985815602837
Locomotion,Transition,2,Recall,0.915492957746479
Locomotion,Transition,2,F1,0.918727915194346
Locomotion,Transition,2,Accuracy,0.951876681648053
Stationary,Transition,2,Precision,0.495344506517691
Stationary,Transition,2,Recall,0.967272727272727
Stationary,Transition,2,F1,0.655172413793103
Stationary,Transition,2,Accuracy,0.815104025327906
TreeMovement,Transition,2,Precision,0.511013215859031
TreeMovement,Transition,2,Recall,0.44106463878327
TreeMovement,Transition,2,F1,0.473469387755102
TreeMovement,Transition,2,Accuracy,0.652517613509282
Macro-Average,Transition,2,Precision,0.687545654609832
Macro-Average,Transition,2,Recall,0.670556578444353
Macro-Average,Transition,2,F1,0.636624279098378
Macro-Average,Transition,2,Accuracy,0.768975549456413
Foraging,Transition,3,Precision,0.458937198067633
Foraging,Transition,3,Recall,0.95
Foraging,Transition,3,F1,0.618892508143322
Foraging,Transition,3,Accuracy,0.841348448687351
Locomotion,Transition,3,Precision,1
Locomotion,Transition,3,Recall,0.64
Locomotion,Transition,3,F1,0.780487804878049
Locomotion,Transition,3,Accuracy,0.82
Stationary,Transition,3,Precision,0.958333333333333
Stationary,Transition,3,Recall,0.442307692307692
Stationary,Transition,3,F1,0.605263157894737
Stationary,Transition,3,Accuracy,0.717021614748887
TreeMovement,Transition,3,Precision,0.875
TreeMovement,Transition,3,Recall,0.94478527607362
TreeMovement,Transition,3,F1,0.908554572271387
TreeMovement,Transition,3,Accuracy,0.941493761632315
Macro-Average,Transition,3,Precision,0.823067632850242
Macro-Average,Transition,3,Recall,0.744273242095328
Macro-Average,Transition,3,F1,0.728299510796874
Macro-Average,Transition,3,Accuracy,0.829965956267138
