ID,Time,smoothed_class,true_class
Angelina,2023-05-16T13:01:13.814402Z,TreeMovement,Stationary
Angelina,2023-05-16T13:01:15.801597Z,TreeMovement,Stationary
Angelina,2023-05-16T13:01:17.788802Z,TreeMovement,Stationary
Angelina,2023-05-16T13:01:24.873596Z,TreeMovement,TreeMovement
Angelina,2023-05-16T13:01:26.860801Z,TreeMovement,TreeMovement
Angelina,2023-05-16T13:01:28.847996Z,TreeMovement,Stationary
Angelina,2023-05-16T13:01:30.835201Z,TreeMovement,Stationary
Angelina,2023-05-16T13:01:33.340800Z,TreeMovement,Stationary
Angelina,2023-05-16T13:01:35.327995Z,TreeMovement,Stationary
Angelina,2023-05-16T13:01:37.315200Z,TreeMovement,Stationary
Angelina,2023-05-16T13:01:39.302395Z,TreeMovement,Stationary
Angelina,2023-05-16T13:01:41.376001Z,TreeMovement,TreeMovement
Angelina,2023-05-16T13:01:43.363196Z,TreeMovement,TreeMovement
Angelina,2023-05-16T13:01:45.350401Z,TreeMovement,TreeMovement
Angelina,2023-05-16T13:01:47.423996Z,TreeMovement,TreeMovement
Angelina,2023-05-16T13:01:49.843205Z,TreeMovement,Stationary
Angelina,2023-05-16T13:01:51.830400Z,TreeMovement,Stationary
Angelina,2023-05-16T13:01:53.817605Z,TreeMovement,Stationary
Angelina,2023-05-16T13:01:55.804800Z,TreeMovement,Stationary
Angelina,2023-05-16T13:01:57.791995Z,TreeMovement,Stationary
Angelina,2023-05-16T13:01:59.779200Z,TreeMovement,Stationary
Angelina,2023-05-16T13:02:01.766395Z,TreeMovement,Stationary
Angelina,2023-05-16T13:02:03.753600Z,TreeMovement,Stationary
Angelina,2023-05-16T13:02:05.740795Z,TreeMovement,Stationary
Angelina,2023-05-16T13:02:07.728Z,TreeMovement,Stationary
Angelina,2023-05-16T13:02:09.110401Z,TreeMovement,TreeMovement
Angelina,2023-05-16T13:02:11.529599Z,TreeMovement,TreeMovement
Angelina,2023-05-16T13:02:13.516804Z,TreeMovement,TreeMovement
Angelina,2023-05-16T13:02:15.503999Z,TreeMovement,TreeMovement
Angelina,2023-05-16T13:02:17.491204Z,TreeMovement,TreeMovement
Angelina,2023-05-16T13:02:19.564800Z,TreeMovement,TreeMovement
Angelina,2023-05-16T13:02:21.552005Z,TreeMovement,Stationary
Angelina,2023-05-16T13:02:23.712001Z,TreeMovement,TreeMovement
Angelina,2023-05-16T13:02:25.699196Z,TreeMovement,TreeMovement
Angelina,2023-05-16T13:02:27.686401Z,TreeMovement,TreeMovement
Angelina,2023-05-16T13:02:29.673596Z,TreeMovement,TreeMovement
Angelina,2023-05-16T13:02:31.660801Z,TreeMovement,TreeMovement
Angelina,2023-05-16T13:02:33.647996Z,TreeMovement,TreeMovement
Angelina,2023-05-16T13:02:35.635201Z,TreeMovement,Stationary
Angelina,2023-05-16T13:02:37.622396Z,TreeMovement,Stationary
Angelina,2023-05-16T13:02:39.609602Z,TreeMovement,Stationary
Angelina,2023-05-16T13:02:41.596797Z,TreeMovement,Stationary
Angelina,2023-05-16T13:02:43.584002Z,TreeMovement,Stationary
Angelina,2023-05-16T13:02:45.571197Z,TreeMovement,TreeMovement
Angelina,2023-05-16T13:02:48.422398Z,TreeMovement,TreeMovement
Angelina,2023-05-16T13:02:50.409603Z,TreeMovement,TreeMovement
Angelina,2023-05-16T13:02:52.396798Z,TreeMovement,TreeMovement
Angelina,2023-05-16T13:02:54.384003Z,TreeMovement,TreeMovement
Angelina,2023-05-16T13:02:56.371198Z,TreeMovement,TreeMovement
Angelina,2023-05-16T13:02:58.358404Z,TreeMovement,TreeMovement
Angelina,2023-05-16T13:03:00.259198Z,TreeMovement,TreeMovement
Angelina,2023-05-16T13:03:01.209595Z,TreeMovement,TreeMovement
Angelina,2023-05-16T13:03:02.160002Z,TreeMovement,TreeMovement
Angelina,2023-05-16T13:03:03.196800Z,TreeMovement,TreeMovement
Angelina,2023-05-16T13:03:04.233598Z,TreeMovement,TreeMovement
Angelina,2023-05-16T13:03:05.183995Z,TreeMovement,Stationary
Angelina,2023-05-16T13:03:06.220803Z,TreeMovement,Stationary
Angelina,2023-05-16T13:03:07.171200Z,Stationary,Stationary
Angelina,2023-05-16T13:03:08.207998Z,TreeMovement,Stationary
Angelina,2023-05-16T13:03:09.763200Z,TreeMovement,Stationary
Angelina,2023-05-16T13:03:11.750405Z,TreeMovement,Stationary
Angelina,2023-05-16T13:03:13.737600Z,Stationary,Stationary
Angelina,2023-05-16T13:03:15.724795Z,Stationary,Stationary
Angelina,2023-05-16T13:03:17.712Z,Stationary,Stationary
Angelina,2023-05-16T13:03:19.699195Z,Stationary,Stationary
Angelina,2023-05-16T13:03:21.686400Z,Stationary,Stationary
Angelina,2023-05-16T13:03:23.673595Z,Stationary,Stationary
Angelina,2023-05-16T13:03:25.660800Z,TreeMovement,Stationary
Angelina,2023-05-16T13:03:27.561605Z,Stationary,Stationary
Angelina,2023-05-16T13:03:29.548800Z,TreeMovement,Stationary
Angelina,2023-05-16T13:03:31.622395Z,TreeMovement,Stationary
Angelina,2023-05-16T13:03:33.523200Z,Stationary,Stationary
Angelina,2023-05-16T13:03:35.510405Z,Stationary,Stationary
Angelina,2023-05-16T13:03:37.497600Z,TreeMovement,Stationary
Angelina,2023-05-16T13:03:39.484805Z,TreeMovement,Stationary
Angelina,2023-05-16T13:03:41.472Z,TreeMovement,Stationary
Angelina,2023-05-16T13:03:43.459205Z,TreeMovement,Stationary
Angelina,2023-05-16T13:03:45.446400Z,TreeMovement,Stationary
Angelina,2023-05-16T13:03:47.433595Z,TreeMovement,Stationary
Angelina,2023-05-16T13:03:49.420800Z,Stationary,Stationary
Angelina,2023-05-16T13:03:51.407995Z,Stationary,Stationary
Angelina,2023-05-16T13:03:53.395200Z,Stationary,Stationary
Angelina,2023-05-16T13:03:55.382395Z,Stationary,Stationary
Angelina,2023-05-16T13:03:57.369600Z,Stationary,Stationary
Angelina,2023-05-16T13:03:59.356795Z,Stationary,Stationary
Dwayne,2023-05-16T12:52:30.489600Z,TreeMovement,TreeMovement
Dwayne,2023-05-16T12:52:32.476795Z,TreeMovement,TreeMovement
Dwayne,2023-05-16T12:52:34.464Z,TreeMovement,TreeMovement
Dwayne,2023-05-16T12:52:36.451195Z,TreeMovement,TreeMovement
Dwayne,2023-05-16T12:52:39.907202Z,TreeMovement,TreeMovement
Dwayne,2023-05-16T12:52:42.326400Z,TreeMovement,TreeMovement
Dwayne,2023-05-16T12:52:44.313595Z,TreeMovement,TreeMovement
Dwayne,2023-05-16T12:52:46.300800Z,TreeMovement,TreeMovement
Dwayne,2023-05-16T12:52:48.287995Z,TreeMovement,TreeMovement
Dwayne,2023-05-16T12:52:50.275200Z,TreeMovement,TreeMovement
Dwayne,2023-05-16T12:52:53.817597Z,TreeMovement,TreeMovement
Dwayne,2023-05-16T12:52:55.804802Z,TreeMovement,TreeMovement
Dwayne,2023-05-16T12:52:57.791997Z,TreeMovement,TreeMovement
Dwayne,2023-05-16T12:52:59.779202Z,TreeMovement,TreeMovement
Dwayne,2023-05-16T12:53:01.766397Z,TreeMovement,TreeMovement
Dwayne,2023-05-16T12:53:03.753602Z,TreeMovement,TreeMovement
Dwayne,2023-05-16T12:53:05.740797Z,TreeMovement,Stationary
Dwayne,2023-05-16T12:53:07.641602Z,TreeMovement,Stationary
Dwayne,2023-05-16T12:53:09.628797Z,TreeMovement,Stationary
Dwayne,2023-05-16T12:53:11.616002Z,TreeMovement,TreeMovement
Dwayne,2023-05-16T12:53:13.603197Z,TreeMovement,TreeMovement
Dwayne,2023-05-16T12:53:15.590402Z,TreeMovement,TreeMovement
Dwayne,2023-05-16T12:53:17.577597Z,TreeMovement,TreeMovement
Dwayne,2023-05-16T12:53:19.564802Z,TreeMovement,TreeMovement
Dwayne,2023-05-16T12:53:21.984Z,TreeMovement,TreeMovement
Dwayne,2023-05-16T12:53:23.971195Z,TreeMovement,TreeMovement
Dwayne,2023-05-16T12:53:25.958400Z,TreeMovement,TreeMovement
Dwayne,2023-05-16T12:53:27.945595Z,TreeMovement,TreeMovement
Dwayne,2023-05-16T12:53:29.932800Z,TreeMovement,TreeMovement
Dwayne,2023-05-16T12:53:31.919995Z,TreeMovement,TreeMovement
Dwayne,2023-05-16T12:53:33.907201Z,TreeMovement,TreeMovement
Dwayne,2023-05-16T12:53:35.808005Z,TreeMovement,TreeMovement
Dwayne,2023-05-16T12:53:37.795200Z,TreeMovement,TreeMovement
Dwayne,2023-05-16T12:53:39.782405Z,TreeMovement,TreeMovement
Dwayne,2023-05-16T12:53:41.769600Z,TreeMovement,TreeMovement
Dwayne,2023-05-16T12:53:43.756795Z,TreeMovement,TreeMovement
Dwayne,2023-05-16T12:53:45.744Z,TreeMovement,TreeMovement
Dwayne,2023-05-16T12:53:47.990397Z,TreeMovement,Stationary
Dwayne,2023-05-16T12:53:49.891201Z,TreeMovement,Stationary
Dwayne,2023-05-16T12:53:51.878397Z,TreeMovement,Stationary
Dwayne,2023-05-16T12:53:53.865602Z,TreeMovement,Stationary
Dwayne,2023-05-16T12:53:55.852797Z,TreeMovement,Stationary
Dwayne,2023-05-16T12:53:57.840002Z,TreeMovement,Stationary
Dwayne,2023-05-16T12:53:59.827197Z,TreeMovement,Stationary
Dwayne,2023-05-16T12:54:01.814402Z,TreeMovement,Stationary
Dwayne,2023-05-16T12:54:03.715196Z,TreeMovement,Stationary
Dwayne,2023-05-16T12:54:05.702401Z,TreeMovement,Stationary
Dwayne,2023-05-16T12:54:07.689596Z,TreeMovement,Stationary
Dwayne,2023-05-16T12:54:09.676801Z,TreeMovement,Stationary
Dwayne,2023-05-16T12:54:11.663996Z,TreeMovement,Stationary
Dwayne,2023-05-16T12:54:13.651201Z,TreeMovement,Stationary
Dwayne,2023-05-16T12:54:15.638396Z,TreeMovement,Stationary
Dwayne,2023-05-16T12:54:17.539201Z,TreeMovement,Stationary
Dwayne,2023-05-16T12:54:19.526396Z,TreeMovement,Stationary
Dwayne,2023-05-16T12:54:21.513601Z,TreeMovement,Stationary
Dwayne,2023-05-16T12:54:23.500796Z,TreeMovement,Stationary
Dwayne,2023-05-16T12:54:25.488001Z,TreeMovement,Stationary
Dwayne,2023-05-16T12:54:27.475196Z,TreeMovement,Stationary
Dwayne,2023-05-16T12:54:29.462401Z,TreeMovement,Stationary
Dwayne,2023-05-16T12:54:31.363195Z,TreeMovement,Stationary
Dwayne,2023-05-16T12:54:33.350400Z,TreeMovement,Stationary
Dwayne,2023-05-16T12:54:35.337595Z,TreeMovement,Stationary
Dwayne,2023-05-16T12:54:37.324800Z,Stationary,Stationary
Dwayne,2023-05-16T12:54:39.311996Z,Stationary,Stationary
Dwayne,2023-05-16T12:54:41.299201Z,Stationary,Stationary
Dwayne,2023-05-16T12:54:43.286396Z,Stationary,Stationary
Dwayne,2023-05-16T12:54:45.187200Z,Stationary,Stationary
Dwayne,2023-05-16T12:54:47.174395Z,Stationary,Stationary
Dwayne,2023-05-16T12:54:49.161600Z,Stationary,Stationary
Dwayne,2023-05-16T12:54:51.148795Z,Stationary,Stationary
Dwayne,2023-05-16T12:54:53.136Z,Stationary,Stationary
Dwayne,2023-05-16T12:54:55.123195Z,TreeMovement,Stationary
Dwayne,2023-05-16T12:54:57.110400Z,TreeMovement,Stationary
Dwayne,2023-05-16T12:54:59.097595Z,TreeMovement,Stationary
Dwayne,2023-05-16T12:55:00.998400Z,TreeMovement,Stationary
Dwayne,2023-05-16T12:55:02.985605Z,TreeMovement,Stationary
Dwayne,2023-05-16T12:55:04.972800Z,TreeMovement,Stationary
Dwayne,2023-05-16T12:55:06.960005Z,TreeMovement,Stationary
Dwayne,2023-05-16T12:55:08.947200Z,TreeMovement,Stationary
Dwayne,2023-05-16T12:55:10.934405Z,TreeMovement,Stationary
Dwayne,2023-05-16T12:55:12.921600Z,TreeMovement,Stationary
Dwayne,2023-05-16T12:55:14.822404Z,TreeMovement,Stationary
Dwayne,2023-05-16T12:55:16.809599Z,TreeMovement,Stationary
Dwayne,2023-05-16T12:55:18.796804Z,TreeMovement,Stationary
Dwayne,2023-05-16T12:55:20.783999Z,TreeMovement,Stationary
Dwayne,2023-05-16T12:55:22.771205Z,TreeMovement,Stationary
Dwayne,2023-05-16T12:55:24.758400Z,TreeMovement,Stationary
Dwayne,2023-05-16T12:55:26.659204Z,TreeMovement,Stationary
Dwayne,2023-05-16T12:55:28.646399Z,Foraging,Stationary
Dwayne,2023-05-16T12:55:30.633604Z,Foraging,Stationary
Hardy,2023-05-15T15:08:34.684796Z,TreeMovement,TreeMovement
Hardy,2023-05-15T15:08:36.672001Z,TreeMovement,TreeMovement
Hardy,2023-05-15T15:08:44.880003Z,TreeMovement,TreeMovement
Hardy,2023-05-15T15:08:46.867198Z,TreeMovement,TreeMovement
Hardy,2023-05-15T15:08:48.854404Z,TreeMovement,TreeMovement
Hardy,2023-05-15T15:08:50.841599Z,TreeMovement,TreeMovement
Hardy,2023-05-15T15:08:52.828804Z,TreeMovement,TreeMovement
Hardy,2023-05-15T15:08:54.815999Z,TreeMovement,TreeMovement
Hardy,2023-05-15T15:08:56.803204Z,TreeMovement,TreeMovement
Hardy,2023-05-15T15:08:58.703998Z,TreeMovement,TreeMovement
Hardy,2023-05-15T15:09:00.691203Z,Foraging,TreeMovement
Hardy,2023-05-15T15:09:02.678398Z,Foraging,TreeMovement
Hardy,2023-05-15T15:09:04.665603Z,Foraging,TreeMovement
Hardy,2023-05-15T15:09:06.652798Z,Foraging,TreeMovement
Hardy,2023-05-15T15:09:08.640003Z,Foraging,TreeMovement
Hardy,2023-05-15T15:09:10.627198Z,TreeMovement,TreeMovement
Hardy,2023-05-15T15:09:12.614403Z,TreeMovement,TreeMovement
Hardy,2023-05-15T15:09:14.601599Z,TreeMovement,TreeMovement
Hardy,2023-05-15T15:09:16.588804Z,TreeMovement,TreeMovement
Hardy,2023-05-15T15:09:18.575999Z,TreeMovement,TreeMovement
Hardy,2023-05-15T15:09:20.563204Z,TreeMovement,TreeMovement
Hardy,2023-05-15T15:09:22.550399Z,TreeMovement,TreeMovement
Hardy,2023-05-15T15:09:24.537604Z,TreeMovement,TreeMovement
Hardy,2023-05-15T15:09:26.524799Z,TreeMovement,TreeMovement
Hardy,2023-05-15T15:09:28.512004Z,TreeMovement,Foraging
Hardy,2023-05-16T12:52:44.054403Z,Foraging,Foraging
Hardy,2023-05-16T12:52:46.041598Z,Foraging,Foraging
Hardy,2023-05-16T12:52:48.028803Z,TreeMovement,Foraging
Hardy,2023-05-16T12:53:06.345602Z,Stationary,Foraging
Hardy,2023-05-16T12:53:08.332797Z,TreeMovement,Foraging
Hardy,2023-05-16T12:53:16.281597Z,Foraging,Foraging
Hardy,2023-05-16T12:53:18.268802Z,Foraging,Foraging
Hardy,2023-05-16T12:53:26.304003Z,Foraging,Foraging
Hardy,2023-05-16T12:53:28.291198Z,Foraging,Foraging
Hardy,2023-05-16T12:53:30.278403Z,Foraging,Foraging
Hardy,2023-05-16T12:53:32.265598Z,TreeMovement,Foraging
Hardy,2023-05-16T12:53:34.943998Z,TreeMovement,Foraging
Hardy,2023-05-16T12:53:44.102398Z,Foraging,Foraging
Hardy,2023-05-16T12:53:46.003202Z,Foraging,Foraging
Hardy,2023-05-16T12:53:47.990397Z,Foraging,Foraging
Hardy,2023-05-16T12:53:49.977602Z,Foraging,Foraging
Hardy,2023-05-16T12:53:58.272005Z,Foraging,Foraging
Hardy,2023-05-16T12:54:00.172799Z,Foraging,Foraging
Hardy,2023-05-16T12:54:02.160004Z,Foraging,Foraging
Hardy,2023-05-16T12:54:08.380801Z,Foraging,Foraging
Hardy,2023-05-16T12:54:10.367996Z,Foraging,Foraging
Hardy,2023-05-16T12:56:03.033599Z,Foraging,Foraging
Hardy,2023-05-16T12:56:05.020804Z,Foraging,Foraging
Hardy,2023-05-16T12:56:07.007999Z,Foraging,Foraging
Hardy,2023-05-16T12:56:13.747200Z,Foraging,Foraging
Hardy,2023-05-16T12:56:15.734396Z,Foraging,Foraging
Hardy,2023-05-16T12:56:29.039996Z,Foraging,Foraging
Hardy,2023-05-16T12:56:31.027201Z,Foraging,Foraging
Hardy,2023-05-16T12:56:33.014396Z,Foraging,Foraging
Hardy,2023-05-16T12:56:35.001601Z,Foraging,Foraging
Hardy,2023-05-16T12:56:36.988796Z,Foraging,Foraging
Hardy,2023-05-16T12:56:38.976002Z,Foraging,Foraging
Hardy,2023-05-16T12:56:40.876796Z,TreeMovement,Foraging
Hardy,2023-05-16T12:56:42.864001Z,TreeMovement,Foraging
Hardy,2023-05-16T12:56:57.379201Z,Foraging,Foraging
Hardy,2023-05-16T12:56:59.279995Z,Foraging,Foraging
Hardy,2023-05-16T12:57:09.302401Z,TreeMovement,Foraging
Hardy,2023-05-16T12:57:11.289596Z,TreeMovement,Foraging
Hardy,2023-05-16T12:57:13.276801Z,Foraging,Foraging
Hardy,2023-05-16T12:57:15.263996Z,Foraging,Foraging
Hardy,2023-05-16T12:57:17.251201Z,Foraging,Foraging
Hardy,2023-05-16T12:57:19.238396Z,Foraging,Foraging
Hardy,2023-05-16T12:57:21.225601Z,Foraging,Foraging
Hardy,2023-05-16T12:57:23.212796Z,TreeMovement,Foraging
Hardy,2023-05-16T12:57:38.246400Z,Foraging,Foraging
Hardy,2023-05-16T12:57:40.233595Z,Foraging,Foraging
Hardy,2023-05-16T12:57:42.220800Z,Foraging,Foraging
Hardy,2023-05-16T13:10:07.507202Z,Foraging,Foraging
Hardy,2023-05-16T13:10:09.494397Z,Foraging,Foraging
Hardy,2023-05-16T13:10:11.481602Z,Foraging,Foraging
Hardy,2023-05-16T13:10:13.468797Z,Foraging,Foraging
Hardy,2023-05-16T13:10:24.614402Z,Foraging,Foraging
Hardy,2023-05-16T13:10:26.601597Z,Foraging,Foraging
Hardy,2023-05-16T13:10:28.588802Z,Foraging,Foraging
Hardy,2023-05-16T13:10:30.575997Z,Foraging,Foraging
Hardy,2023-05-16T13:10:43.622396Z,Foraging,Foraging
Hardy,2023-05-16T13:10:45.609601Z,Foraging,Foraging
Hardy,2023-05-16T13:10:47.596796Z,Foraging,Foraging
Hardy,2023-05-16T13:10:49.584001Z,Foraging,Foraging
Hardy,2023-05-16T13:11:00.124801Z,Foraging,Foraging
Hardy,2023-05-16T13:11:06.345598Z,Foraging,Foraging
Hardy,2023-05-16T13:11:08.332803Z,Foraging,Foraging
Hardy,2023-05-16T13:11:10.319998Z,Foraging,Foraging
Hardy,2023-05-16T13:11:23.798400Z,Foraging,Foraging
Hardy,2023-05-16T13:11:25.699204Z,Foraging,Foraging
Hardy,2023-05-16T13:11:27.686399Z,Foraging,Foraging
Hardy,2023-05-16T13:11:30.105598Z,Foraging,Foraging
Hardy,2023-05-16T13:11:32.006402Z,Foraging,Foraging
Hardy,2023-05-16T13:11:33.993597Z,Foraging,Foraging
Hardy,2023-05-16T13:11:35.980802Z,Foraging,Foraging
Hardy,2023-05-16T13:11:37.967997Z,Foraging,Foraging
Hardy,2023-05-16T13:11:45.052801Z,Foraging,Foraging
Hardy,2023-05-16T13:11:47.039996Z,Foraging,Foraging
Hardy,2023-05-16T13:11:49.027201Z,Foraging,Foraging
Hardy,2023-05-16T13:11:57.062402Z,Foraging,Foraging
Hardy,2023-05-16T13:11:59.049597Z,Foraging,Foraging
Hardy,2023-05-16T13:12:01.036802Z,Foraging,Foraging
Hardy,2023-05-16T13:12:06.048Z,Foraging,Foraging
Hardy,2023-05-16T13:12:08.035205Z,Foraging,Foraging
Hardy,2023-05-16T13:12:10.022400Z,Foraging,Foraging
Hardy,2023-05-16T13:12:14.687995Z,Foraging,Foraging
Hardy,2023-05-16T13:12:16.675200Z,Foraging,Foraging
Hardy,2023-05-16T13:12:18.662395Z,Foraging,Foraging
Hardy,2023-05-16T13:12:20.908802Z,Foraging,Foraging
Hardy,2023-05-16T13:12:45.619199Z,Foraging,Foraging
Hardy,2023-05-16T13:12:47.606404Z,Foraging,Foraging
Hardy,2023-05-16T13:13:14.303997Z,Foraging,Foraging
Hardy,2023-05-16T13:13:16.291202Z,Foraging,Foraging
Hardy,2023-05-16T13:13:18.278397Z,Foraging,Foraging
Hardy,2023-05-16T13:13:20.265602Z,Foraging,Foraging
Hardy,2023-05-16T13:13:22.252797Z,Foraging,Foraging
Hardy,2023-05-16T13:13:24.240002Z,Foraging,Foraging
Hardy,2023-05-16T13:13:26.227197Z,Foraging,Foraging
Hardy,2023-05-16T13:13:28.128001Z,Foraging,Foraging
Hardy,2023-05-16T13:13:30.115196Z,Foraging,Foraging
Hardy,2023-05-16T13:13:36.336003Z,Foraging,Foraging
Hardy,2023-05-16T13:13:42.470400Z,Foraging,Foraging
Hardy,2023-05-16T13:13:44.457605Z,Foraging,Foraging
Hardy,2023-05-16T13:13:46.444800Z,Foraging,Foraging
Hardy,2023-05-16T13:13:48.432005Z,Foraging,TreeMovement
Hardy,2023-05-17T00:46:50.678398Z,TreeMovement,TreeMovement
Hardy,2023-05-17T00:46:52.579202Z,TreeMovement,TreeMovement
Hardy,2023-05-17T00:46:54.566397Z,TreeMovement,TreeMovement
Hardy,2023-05-17T00:46:56.553602Z,TreeMovement,TreeMovement
Hardy,2023-05-17T00:46:58.540797Z,TreeMovement,TreeMovement
Hardy,2023-05-17T00:47:00.528003Z,Locomotion,Stationary
Hardy,2023-05-17T06:44:27.920029Z,Stationary,Stationary
Hardy,2023-05-17T06:44:29.899972Z,Stationary,Stationary
Hardy,2023-05-17T06:44:31.876968Z,Stationary,Stationary
Hardy,2023-05-17T06:44:33.846983Z,Stationary,Stationary
Hardy,2023-05-17T06:44:35.837035Z,Stationary,Stationary
Hardy,2023-05-17T06:44:37.807040Z,Stationary,Stationary
Hardy,2023-05-17T06:44:39.779983Z,Stationary,Stationary
Hardy,2023-05-17T06:44:41.760006Z,Stationary,Stationary
Hardy,2023-05-17T06:44:43.740040Z,Stationary,Stationary
Hardy,2023-05-17T06:44:45.719983Z,Stationary,Stationary
Hardy,2023-05-17T06:44:47.696989Z,Stationary,Stationary
Hardy,2023-05-17T06:44:49.680040Z,Stationary,Stationary
Hardy,2023-05-17T06:44:51.656955Z,Stationary,Stationary
Hardy,2023-05-17T06:44:53.626961Z,Stationary,Stationary
Hardy,2023-05-17T06:44:55.599994Z,Stationary,Stationary
Hardy,2023-05-17T06:44:57.580027Z,Stationary,Stationary
Hardy,2023-05-17T06:44:59.559960Z,Stationary,Stationary
Hardy,2023-05-17T06:45:01.539994Z,Stationary,Stationary
Hardy,2023-05-17T06:45:03.517Z,Stationary,Stationary
Hardy,2023-05-17T06:45:05.499960Z,Stationary,Stationary
Hardy,2023-05-17T06:45:07.476966Z,Stationary,Stationary
Hardy,2023-05-17T06:45:09.446971Z,Stationary,Stationary
Hardy,2023-05-17T06:45:11.420004Z,Stationary,Stationary
Hardy,2023-05-17T06:45:13.400038Z,Stationary,Stationary
Hardy,2023-05-17T06:45:15.379981Z,Stationary,Stationary
Hardy,2023-05-17T06:45:17.360004Z,Stationary,Stationary
Hardy,2023-05-17T06:45:19.337010Z,Stationary,Stationary
Hardy,2023-05-17T06:45:21.319981Z,Stationary,Stationary
Hardy,2023-05-17T06:45:23.296987Z,Stationary,Stationary
Hardy,2023-05-17T06:45:25.266992Z,Stationary,Stationary
Hardy,2023-05-17T06:45:27.240015Z,Stationary,Stationary
Hardy,2023-05-17T06:45:29.219958Z,Stationary,Stationary
Hardy,2023-05-17T06:45:31.199992Z,Stationary,Stationary
Hardy,2023-05-17T06:45:33.180015Z,Stationary,Stationary
Hardy,2023-05-17T06:45:35.157021Z,Stationary,Stationary
Hardy,2023-05-17T06:45:37.139992Z,Stationary,Stationary
Hardy,2023-05-17T06:45:39.116998Z,Stationary,Stationary
Hardy,2023-05-17T06:45:41.087003Z,Stationary,Stationary
Hardy,2023-05-17T06:45:43.060036Z,Stationary,Stationary
Hardy,2023-05-17T06:45:45.046969Z,Stationary,Stationary
Hardy,2023-05-17T06:45:47.020002Z,Stationary,Stationary
Hardy,2023-05-17T06:45:49.000036Z,Stationary,Stationary
Hardy,2023-05-17T06:45:50.977032Z,Stationary,Stationary
Hardy,2023-05-17T06:45:52.960002Z,Stationary,Stationary
Hardy,2023-05-17T06:45:54.937008Z,Stationary,Stationary
Hardy,2023-05-17T06:45:56.907014Z,Stationary,Stationary
Hardy,2023-05-17T06:45:58.879956Z,Stationary,Stationary
Hardy,2023-05-17T06:46:00.866990Z,Stationary,Stationary
Hardy,2023-05-17T06:46:02.840013Z,Stationary,Stationary
Hardy,2023-05-17T06:46:04.819956Z,Stationary,Stationary
Hardy,2023-05-17T06:46:06.796962Z,Stationary,Stationary
Hardy,2023-05-17T06:46:08.780013Z,Stationary,Stationary
Hardy,2023-05-17T06:46:10.757019Z,Stationary,Stationary
Hardy,2023-05-17T06:46:12.727025Z,Stationary,Stationary
Hardy,2023-05-17T06:46:14.699967Z,Stationary,Stationary
Hardy,2023-05-17T06:46:16.687001Z,Stationary,Stationary
Hardy,2023-05-17T06:46:18.660024Z,Stationary,Stationary
Hardy,2023-05-17T06:46:20.639967Z,Stationary,Stationary
Hardy,2023-05-17T06:46:22.620Z,Stationary,Stationary
Hardy,2023-05-17T06:46:24.600024Z,Stationary,Stationary
Hardy,2023-05-17T06:46:39.763490Z,Stationary,Stationary
Hardy,2023-05-17T06:46:41.739973Z,Stationary,Stationary
Hardy,2023-05-17T06:46:43.720007Z,Stationary,Stationary
Hardy,2023-05-17T06:46:45.693462Z,Stationary,Stationary
Hardy,2023-05-17T06:46:47.679973Z,Stationary,Stationary
Hardy,2023-05-17T06:46:49.653519Z,Stationary,Stationary
Hardy,2023-05-17T06:46:51.623535Z,Stationary,Stationary
Hardy,2023-05-17T06:46:53.600018Z,Stationary,Stationary
Hardy,2023-05-17T06:46:55.583501Z,Stationary,Stationary
Hardy,2023-05-17T06:46:57.559984Z,Stationary,Stationary
Hardy,2023-05-17T06:46:59.540017Z,Stationary,Stationary
Hardy,2023-05-17T06:47:01.519960Z,Stationary,Stationary
Hardy,2023-05-17T06:47:03.499984Z,Stationary,Stationary
Hardy,2023-05-17T06:47:05.473540Z,Stationary,Stationary
Hardy,2023-05-17T06:47:07.443545Z,Stationary,Stationary
Hardy,2023-05-17T06:47:09.420028Z,Stationary,Stationary
Hardy,2023-05-17T06:47:11.403512Z,Stationary,Stationary
Hardy,2023-05-17T06:47:13.380005Z,Stationary,Stationary
Hardy,2023-05-17T06:47:15.360028Z,Stationary,Stationary
Hardy,2023-05-17T06:47:17.339971Z,Stationary,Stationary
Hardy,2023-05-17T06:47:19.320005Z,Stationary,Stationary
Hardy,2023-05-17T06:47:21.293460Z,Stationary,Stationary
Hardy,2023-05-17T06:47:23.263466Z,Stationary,Stationary
Hardy,2023-05-17T06:47:25.240039Z,Stationary,Stationary
Hardy,2023-05-17T06:47:27.223522Z,Stationary,Stationary
Hardy,2023-05-17T06:47:29.200016Z,Stationary,Stationary
Hardy,2023-05-17T06:47:31.180039Z,Stationary,Stationary
Hardy,2023-05-17T06:47:33.159982Z,Stationary,Stationary
Hardy,2023-05-17T06:47:35.140016Z,Stationary,Stationary
Hardy,2023-05-17T06:47:37.113471Z,Stationary,Stationary
Hardy,2023-05-17T06:47:39.083486Z,Stationary,Stationary
Hardy,2023-05-17T06:47:41.073528Z,Stationary,Stationary
Hardy,2023-05-17T06:47:43.043543Z,Stationary,Stationary
Hardy,2023-05-17T06:47:45.020026Z,Stationary,Stationary
Hardy,2023-05-17T06:47:46.999969Z,Stationary,Stationary
Hardy,2023-05-17T06:47:48.979993Z,Stationary,Stationary
Hardy,2023-05-17T06:47:50.960026Z,Stationary,Stationary
Hardy,2023-05-17T06:47:52.933492Z,Stationary,Stationary
Hardy,2023-05-17T06:47:54.903497Z,Stationary,Stationary
Hardy,2023-05-17T06:47:56.893458Z,TreeMovement,TreeMovement
Hardy,2023-05-19T02:14:47.731197Z,TreeMovement,TreeMovement
Hardy,2023-05-19T02:14:49.632001Z,TreeMovement,TreeMovement
Hardy,2023-05-19T02:14:51.619196Z,TreeMovement,TreeMovement
Hardy,2023-05-19T02:14:53.606402Z,TreeMovement,TreeMovement
Hardy,2023-05-19T02:15:04.665595Z,TreeMovement,TreeMovement
Hardy,2023-05-19T02:15:06.652800Z,TreeMovement,TreeMovement
Hardy,2023-05-19T02:15:08.639995Z,TreeMovement,TreeMovement
Hardy,2023-05-19T02:15:10.627200Z,TreeMovement,TreeMovement
Hardy,2023-05-19T02:15:12.614395Z,TreeMovement,TreeMovement
Hardy,2023-05-19T02:15:14.601601Z,TreeMovement,TreeMovement
Hardy,2023-05-19T02:15:16.588796Z,TreeMovement,TreeMovement
Hardy,2023-05-19T02:15:18.489600Z,TreeMovement,TreeMovement
Hardy,2023-05-19T02:15:20.476795Z,TreeMovement,TreeMovement
Hardy,2023-05-19T02:15:22.464Z,TreeMovement,Locomotion
Hardy,2023-05-19T02:15:30.239999Z,Locomotion,Locomotion
Hardy,2023-05-19T02:15:30.239999Z,Locomotion,Locomotion
Hardy,2023-05-19T02:15:30.239999Z,TreeMovement,Locomotion
Hardy,2023-05-19T02:15:31.795201Z,TreeMovement,Locomotion
Hardy,2023-05-19T02:15:33.695995Z,TreeMovement,Locomotion
Hardy,2023-05-19T02:15:35.683200Z,TreeMovement,Locomotion
Hardy,2023-05-19T02:15:37.670395Z,Locomotion,Locomotion
Hardy,2023-05-19T02:15:38.880004Z,Locomotion,Locomotion
Hardy,2023-05-19T02:15:38.880004Z,Locomotion,Locomotion
Hardy,2023-05-19T02:15:38.880004Z,Locomotion,Locomotion
Hardy,2023-05-19T02:15:38.880004Z,Locomotion,Locomotion
Hardy,2023-05-19T02:15:38.966405Z,TreeMovement,Locomotion
Hardy,2023-05-19T02:15:40.867199Z,TreeMovement,Locomotion
Hardy,2023-05-19T02:15:42.854404Z,TreeMovement,Locomotion
Hardy,2023-05-19T02:15:44.841599Z,TreeMovement,Locomotion
Hardy,2023-05-19T02:15:46.828804Z,Locomotion,Locomotion
Hardy,2023-05-19T02:15:47.520Z,Locomotion,Locomotion
Hardy,2023-05-19T02:15:47.520Z,Locomotion,Locomotion
Hardy,2023-05-19T02:15:47.520Z,Locomotion,Locomotion
Hardy,2023-05-19T02:15:47.520Z,Locomotion,Locomotion
Hardy,2023-05-19T02:15:48.124804Z,TreeMovement,Locomotion
Hardy,2023-05-19T02:15:50.025599Z,TreeMovement,Locomotion
Hardy,2023-05-19T02:15:52.012804Z,TreeMovement,Locomotion
Hardy,2023-05-19T02:15:53.999999Z,TreeMovement,Locomotion
Hardy,2023-05-19T02:15:55.987204Z,Locomotion,Locomotion
Hardy,2023-05-19T02:15:56.159995Z,Locomotion,Locomotion
Hardy,2023-05-19T02:15:56.159995Z,Locomotion,Locomotion
Hardy,2023-05-19T02:15:56.159995Z,Locomotion,Locomotion
Hardy,2023-05-19T02:15:56.159995Z,Locomotion,Locomotion
Hardy,2023-05-19T02:15:57.283204Z,TreeMovement,Locomotion
Hardy,2023-05-19T02:15:59.183998Z,TreeMovement,Locomotion
Hardy,2023-05-19T02:16:01.171203Z,TreeMovement,Locomotion
Hardy,2023-05-19T02:16:03.158398Z,TreeMovement,Locomotion
Hardy,2023-05-19T02:16:04.800001Z,Locomotion,Locomotion
Hardy,2023-05-19T02:16:04.800001Z,Locomotion,Locomotion
Hardy,2023-05-19T02:16:04.800001Z,Locomotion,Locomotion
Hardy,2023-05-19T02:16:04.800001Z,Locomotion,Locomotion
Hardy,2023-05-19T02:16:04.800001Z,TreeMovement,Locomotion
Hardy,2023-05-19T02:16:06.441603Z,TreeMovement,Locomotion
Hardy,2023-05-19T02:16:08.428798Z,TreeMovement,Locomotion
Hardy,2023-05-19T02:16:10.416003Z,TreeMovement,Locomotion
Hardy,2023-05-19T02:16:12.316797Z,Locomotion,Locomotion
Hardy,2023-05-19T02:16:13.439996Z,Locomotion,Locomotion
Hardy,2023-05-19T02:16:13.439996Z,Locomotion,Locomotion
Hardy,2023-05-19T02:16:13.439996Z,Locomotion,Locomotion
Hardy,2023-05-19T02:16:13.439996Z,Locomotion,Locomotion
Hardy,2023-05-19T02:16:13.612797Z,TreeMovement,Locomotion
Hardy,2023-05-19T02:16:15.600002Z,TreeMovement,Locomotion
Hardy,2023-05-19T02:16:17.587197Z,TreeMovement,Locomotion
Hardy,2023-05-19T02:16:22.080001Z,Locomotion,Locomotion
Hardy,2023-05-19T02:16:22.080001Z,Locomotion,Locomotion
Hardy,2023-05-19T02:16:22.080001Z,Locomotion,Locomotion
Hardy,2023-05-19T02:16:23.376001Z,TreeMovement,Locomotion
Hardy,2023-05-19T02:16:25.363196Z,TreeMovement,Locomotion
Hardy,2023-05-19T02:16:27.264001Z,TreeMovement,Locomotion
Hardy,2023-05-19T02:16:29.251196Z,Locomotion,Locomotion
Hardy,2023-05-19T02:16:30.719997Z,Locomotion,Locomotion
Hardy,2023-05-19T02:16:30.719997Z,Locomotion,Locomotion
Hardy,2023-05-19T02:16:30.719997Z,Locomotion,Locomotion
Hardy,2023-05-19T02:16:30.719997Z,Locomotion,Locomotion
Hardy,2023-05-19T02:16:30.719997Z,Locomotion,Locomotion
Hardy,2023-05-19T02:16:32.534400Z,TreeMovement,Locomotion
Hardy,2023-05-19T02:16:34.521595Z,TreeMovement,Locomotion
Hardy,2023-05-19T02:16:36.422400Z,Locomotion,Locomotion
Hardy,2023-05-19T02:16:38.409605Z,Locomotion,Locomotion
Hardy,2023-05-19T02:16:39.360002Z,Locomotion,Locomotion
Hardy,2023-05-19T02:16:39.360002Z,Locomotion,Locomotion
Hardy,2023-05-19T02:16:39.360002Z,TreeMovement,Locomotion
Hardy,2023-05-19T02:16:40.656002Z,TreeMovement,Locomotion
Hardy,2023-05-19T02:16:45.494399Z,TreeMovement,Locomotion
Hardy,2023-05-19T02:16:47.481604Z,Locomotion,Locomotion
Hardy,2023-05-19T02:16:47.999998Z,Locomotion,Locomotion
Hardy,2023-05-19T02:16:47.999998Z,Locomotion,Locomotion
Hardy,2023-05-19T02:16:47.999998Z,Locomotion,Locomotion
Hardy,2023-05-19T02:16:47.999998Z,Locomotion,Locomotion
Hardy,2023-05-19T02:16:48.691203Z,Locomotion,Locomotion
Hardy,2023-05-19T02:16:50.678398Z,TreeMovement,Locomotion
Hardy,2023-05-19T02:16:52.665603Z,TreeMovement,Locomotion
Hardy,2023-05-19T02:16:54.652798Z,Locomotion,Locomotion
Hardy,2023-05-19T02:16:56.640003Z,Locomotion,Locomotion
Hardy,2023-05-19T02:16:56.640003Z,Locomotion,Locomotion
Hardy,2023-05-19T02:16:56.640003Z,Locomotion,Locomotion
Hardy,2023-05-19T02:16:56.640003Z,Locomotion,Locomotion
Hardy,2023-05-19T02:16:56.640003Z,Locomotion,Locomotion
Hardy,2023-05-19T02:16:57.849602Z,TreeMovement,Locomotion
Hardy,2023-05-19T02:16:59.836797Z,TreeMovement,Locomotion
Hardy,2023-05-19T02:17:01.824002Z,TreeMovement,Locomotion
Hardy,2023-05-19T02:17:03.811197Z,Locomotion,Locomotion
Hardy,2023-05-19T02:17:05.279998Z,Locomotion,Locomotion
Hardy,2023-05-19T02:17:05.279998Z,Locomotion,Locomotion
Hardy,2023-05-19T02:17:05.279998Z,Locomotion,Locomotion
Hardy,2023-05-19T02:17:05.279998Z,Locomotion,Locomotion
Hardy,2023-05-19T02:17:05.279998Z,Locomotion,Locomotion
Hardy,2023-05-19T02:17:07.008002Z,TreeMovement,Locomotion
Hardy,2023-05-19T02:17:08.995197Z,TreeMovement,Locomotion
Hardy,2023-05-19T02:17:10.982402Z,TreeMovement,Locomotion
Hardy,2023-05-19T02:17:13.315199Z,Locomotion,Locomotion
Hardy,2023-05-19T02:17:13.920004Z,Locomotion,Locomotion
Hardy,2023-05-19T02:17:13.920004Z,Locomotion,Locomotion
Hardy,2023-05-19T02:17:13.920004Z,Locomotion,TreeMovement
Hardy,2023-05-19T02:25:01.344002Z,TreeMovement,TreeMovement
Hardy,2023-05-19T02:49:13.900799Z,TreeMovement,TreeMovement
Hardy,2023-05-19T02:49:15.888004Z,TreeMovement,TreeMovement
Hardy,2023-05-19T02:49:17.875199Z,TreeMovement,TreeMovement
Hardy,2023-05-19T02:49:28.329598Z,TreeMovement,TreeMovement
Hardy,2023-05-19T02:49:30.230402Z,TreeMovement,TreeMovement
Hardy,2023-05-19T02:49:32.217597Z,TreeMovement,TreeMovement
Hardy,2023-05-19T02:49:34.204803Z,TreeMovement,TreeMovement
Hardy,2023-05-19T05:42:21.599998Z,TreeMovement,TreeMovement
Hardy,2023-05-19T05:42:23.587203Z,TreeMovement,TreeMovement
Hardy,2023-05-19T05:42:25.487997Z,TreeMovement,TreeMovement
Hardy,2023-05-19T05:42:27.475202Z,TreeMovement,TreeMovement
Hardy,2023-05-19T05:42:29.462397Z,TreeMovement,TreeMovement
Hardy,2023-05-19T05:42:31.449602Z,TreeMovement,TreeMovement
Hardy,2023-05-19T05:42:33.436797Z,TreeMovement,TreeMovement
Hardy,2023-05-19T05:42:35.424002Z,TreeMovement,TreeMovement
Hardy,2023-05-19T05:42:37.411197Z,TreeMovement,TreeMovement
Hardy,2023-05-19T05:42:39.398402Z,TreeMovement,TreeMovement
Hardy,2023-05-19T05:42:43.286402Z,TreeMovement,TreeMovement
Hardy,2023-05-19T05:42:45.187196Z,TreeMovement,TreeMovement
Hardy,2023-05-19T05:42:47.174401Z,TreeMovement,TreeMovement
Hardy,2023-05-19T05:43:18.364797Z,TreeMovement,TreeMovement
Hardy,2023-05-19T05:43:20.956797Z,TreeMovement,TreeMovement
Hardy,2023-05-19T05:43:22.944002Z,TreeMovement,TreeMovement
Hardy,2023-05-19T05:43:24.931197Z,TreeMovement,TreeMovement
Hardy,2023-05-19T05:43:26.918402Z,TreeMovement,TreeMovement
Hardy,2023-05-19T05:43:28.819196Z,TreeMovement,TreeMovement
Hardy,2023-05-19T05:43:30.806401Z,TreeMovement,TreeMovement
Hardy,2023-05-19T21:03:04.636798Z,TreeMovement,TreeMovement
Hardy,2023-05-19T21:03:06.624003Z,TreeMovement,TreeMovement
Hardy,2023-05-19T21:03:08.611198Z,TreeMovement,TreeMovement
Hardy,2023-05-19T21:03:10.598403Z,TreeMovement,TreeMovement
Hardy,2023-05-19T21:03:12.585598Z,TreeMovement,TreeMovement
Hardy,2023-05-19T21:03:14.572803Z,TreeMovement,TreeMovement
Hardy,2023-05-19T21:03:16.559998Z,TreeMovement,TreeMovement
Hardy,2023-05-19T21:03:21.398405Z,TreeMovement,TreeMovement
Hardy,2023-05-19T21:03:23.385600Z,TreeMovement,TreeMovement
Hardy,2023-05-19T21:03:25.372805Z,TreeMovement,TreeMovement
Hardy,2023-05-19T21:03:27.273599Z,TreeMovement,TreeMovement
Hardy,2023-05-19T21:03:29.260804Z,TreeMovement,TreeMovement
Hardy,2023-05-19T21:03:31.247999Z,TreeMovement,TreeMovement
Hardy,2023-05-19T21:03:47.404802Z,TreeMovement,TreeMovement
Hardy,2023-05-19T21:03:49.391997Z,TreeMovement,TreeMovement
Hardy,2023-05-19T21:03:51.379202Z,TreeMovement,TreeMovement
Hardy,2023-05-19T21:03:53.279996Z,TreeMovement,TreeMovement
Hardy,2023-05-19T21:03:55.267201Z,TreeMovement,TreeMovement
Hardy,2023-05-19T21:03:57.254396Z,TreeMovement,TreeMovement
Hardy,2023-05-19T21:03:59.241601Z,TreeMovement,TreeMovement
Hardy,2023-05-19T21:04:01.228796Z,TreeMovement,TreeMovement
Hardy,2023-05-19T21:04:03.216001Z,TreeMovement,TreeMovement
Hardy,2023-05-19T21:04:05.203196Z,TreeMovement,TreeMovement
Hardy,2023-05-19T21:04:07.190401Z,TreeMovement,TreeMovement
Hardy,2023-05-19T21:04:09.177596Z,TreeMovement,TreeMovement
Hardy,2023-05-19T21:04:11.078401Z,TreeMovement,TreeMovement
Hardy,2023-05-19T21:04:13.065596Z,TreeMovement,TreeMovement
Murray,2023-05-17T12:24:26.208Z,TreeMovement,Stationary
Murray,2023-05-17T12:24:28.195205Z,TreeMovement,Stationary
Murray,2023-05-17T12:24:30.182400Z,TreeMovement,Stationary
Murray,2023-05-17T12:24:33.206403Z,TreeMovement,TreeMovement
Murray,2023-05-17T12:24:42.105600Z,TreeMovement,TreeMovement
Murray,2023-05-17T12:24:44.092795Z,TreeMovement,TreeMovement
Murray,2023-05-17T12:24:46.425603Z,Foraging,TreeMovement
Murray,2023-05-17T12:24:48.412798Z,TreeMovement,TreeMovement
Murray,2023-05-17T12:24:51.696003Z,TreeMovement,TreeMovement
Murray,2023-05-17T12:24:53.769598Z,TreeMovement,TreeMovement
Murray,2023-05-17T12:24:55.756804Z,TreeMovement,TreeMovement
Murray,2023-05-17T12:24:57.916800Z,TreeMovement,Stationary
Murray,2023-05-17T12:24:59.904005Z,TreeMovement,Stationary
Murray,2023-05-17T12:25:01.977601Z,TreeMovement,Stationary
Murray,2023-05-17T12:25:03.964796Z,TreeMovement,TreeMovement
Murray,2023-05-17T12:25:08.544Z,TreeMovement,TreeMovement
Murray,2023-05-17T12:25:10.531195Z,TreeMovement,TreeMovement
Murray,2023-05-17T12:25:12.604801Z,TreeMovement,TreeMovement
Murray,2023-05-17T12:25:14.591996Z,TreeMovement,Stationary
Murray,2023-05-17T12:25:16.665602Z,TreeMovement,Stationary
Murray,2023-05-17T12:25:18.652797Z,TreeMovement,Stationary
Murray,2023-05-17T12:25:20.640002Z,TreeMovement,TreeMovement
Murray,2023-05-17T12:25:22.886399Z,TreeMovement,TreeMovement
Murray,2023-05-17T12:25:24.873604Z,TreeMovement,Stationary
Murray,2023-05-17T12:25:26.947200Z,TreeMovement,Stationary
Murray,2023-05-17T12:25:29.020795Z,TreeMovement,TreeMovement
Murray,2023-05-17T12:25:31.008Z,TreeMovement,Stationary
Murray,2023-05-17T12:25:33.167997Z,TreeMovement,Stationary
Murray,2023-05-17T12:25:35.155202Z,TreeMovement,Stationary
Murray,2023-05-17T12:25:37.142397Z,TreeMovement,Stationary
Murray,2023-05-17T12:25:39.216002Z,TreeMovement,Stationary
Murray,2023-05-17T12:25:42.844800Z,TreeMovement,TreeMovement
Murray,2023-05-17T12:25:44.918396Z,Foraging,Stationary
Murray,2023-05-17T12:25:46.992001Z,Foraging,Stationary
Murray,2023-05-17T12:25:48.979196Z,Foraging,Stationary
Murray,2023-05-17T12:25:51.139203Z,Foraging,Stationary
Murray,2023-05-17T12:25:53.126398Z,Foraging,Stationary
Murray,2023-05-17T12:25:55.200003Z,TreeMovement,Stationary
Murray,2023-05-17T12:25:57.187198Z,TreeMovement,Stationary
Murray,2023-05-17T12:25:59.606397Z,TreeMovement,TreeMovement
Murray,2023-05-17T12:26:01.593602Z,TreeMovement,TreeMovement
Murray,2023-05-17T12:26:03.667197Z,TreeMovement,TreeMovement
Murray,2023-05-17T12:26:05.654402Z,TreeMovement,TreeMovement
Murray,2023-05-17T12:26:07.641598Z,TreeMovement,TreeMovement
Murray,2023-05-17T12:26:09.715203Z,TreeMovement,TreeMovement
Murray,2023-05-17T12:26:11.702398Z,TreeMovement,Stationary
Murray,2023-05-17T12:26:13.862405Z,TreeMovement,Stationary
Murray,2023-05-17T12:26:15.936Z,TreeMovement,Stationary
Murray,2023-05-17T12:26:17.923195Z,TreeMovement,Stationary
Murray,2023-05-17T12:26:19.910400Z,TreeMovement,Stationary
Murray,2023-05-17T12:26:21.983996Z,TreeMovement,Stationary
Murray,2023-05-17T12:26:23.971201Z,TreeMovement,Stationary
Murray,2023-05-17T12:26:26.131198Z,TreeMovement,TreeMovement
Murray,2023-05-17T12:26:28.118403Z,TreeMovement,TreeMovement
Murray,2023-05-17T12:26:30.105598Z,TreeMovement,TreeMovement
Murray,2023-05-17T12:26:32.179204Z,TreeMovement,TreeMovement
Murray,2023-05-17T12:26:34.166399Z,TreeMovement,Stationary
Murray,2023-05-17T12:26:36.240004Z,TreeMovement,Stationary
Murray,2023-05-17T12:26:38.227199Z,TreeMovement,Stationary
Murray,2023-05-17T12:26:40.214404Z,TreeMovement,Stationary
Murray,2023-05-17T12:26:41.942397Z,TreeMovement,Stationary
Murray,2023-05-17T12:26:44.016003Z,TreeMovement,TreeMovement
Murray,2023-05-17T12:26:46.003198Z,TreeMovement,TreeMovement
Murray,2023-05-17T12:26:47.990403Z,TreeMovement,TreeMovement
Murray,2023-05-17T12:26:50.063999Z,TreeMovement,TreeMovement
Murray,2023-05-17T12:26:52.051204Z,TreeMovement,TreeMovement
Murray,2023-05-17T12:26:54.038399Z,TreeMovement,TreeMovement
Murray,2023-05-17T12:26:56.803200Z,TreeMovement,Stationary
Murray,2023-05-17T12:26:58.876796Z,TreeMovement,Stationary
Murray,2023-05-17T12:27:00.864001Z,TreeMovement,Stationary
Murray,2023-05-17T12:27:02.851196Z,TreeMovement,Stationary
Murray,2023-05-17T12:27:04.924801Z,TreeMovement,Stationary
Murray,2023-05-17T12:27:06.911996Z,TreeMovement,Stationary
Murray,2023-05-17T12:27:08.899201Z,TreeMovement,Stationary
Murray,2023-05-17T12:27:10.972797Z,TreeMovement,Stationary
Murray,2023-05-17T12:27:12.960002Z,TreeMovement,Stationary
Murray,2023-05-17T12:27:14.947197Z,TreeMovement,Stationary
Murray,2023-05-17T12:27:17.020803Z,TreeMovement,Stationary
Murray,2023-05-17T12:27:19.007998Z,TreeMovement,Stationary
