"true_class","ID","Time","Foraging","Locomotion","Stationary","TreeMovement","predicted_class"
"TreeMovement","Hardy",2023-05-15 15:08:34.684796,0.193793247163887,0.121972889450766,0.00962925800502622,0.674604605380321,"TreeMovement"
"TreeMovement","Hardy",2023-05-15 15:08:36.672001,0.17381521240006,0.092672191787236,0.0262836680482962,0.707228927764408,"TreeMovement"
"TreeMovement","Hardy",2023-05-15 15:08:44.880003,0.175734756168938,0.0949852507374631,0.0240267967648763,0.705253196328723,"TreeMovement"
"TreeMovement","Hardy",2023-05-15 15:08:46.867198,0.140271197316686,0.094687924333942,0.0500573452279022,0.71498353312147,"TreeMovement"
"TreeMovement","Hardy",2023-05-15 15:08:48.854404,0.209406646274687,0.0259872005852789,0.094638679549781,0.669967473590253,"TreeMovement"
"TreeMovement","Hardy",2023-05-15 15:08:50.841599,0.190782232999713,0.00739272852308305,0.0342825169836778,0.767542521493527,"TreeMovement"
"TreeMovement","Hardy",2023-05-15 15:08:52.828804,0.170577066879161,0.0212727302935696,0.130623568086081,0.677526634741189,"TreeMovement"
"TreeMovement","Hardy",2023-05-15 15:08:54.815999,0.181531226674544,0.0869656318771363,0.0289425978935874,0.702560543554732,"TreeMovement"
"TreeMovement","Hardy",2023-05-15 15:08:56.803204,0.29443699612577,0.0434997028399551,0.0574909136565085,0.604572387377766,"TreeMovement"
"TreeMovement","Hardy",2023-05-15 15:08:58.703998,0.27070905680132,0.0395754436885901,0.0754458741721997,0.614269625337891,"TreeMovement"
"TreeMovement","Hardy",2023-05-15 15:09:00.691203,0.564784468242488,0.00293877138669514,0.0656666729500006,0.366610087420816,"Foraging"
"TreeMovement","Hardy",2023-05-15 15:09:02.678398,0.668070887648698,0.0200098328416912,0.0329829627595112,0.278936316750099,"Foraging"
"TreeMovement","Hardy",2023-05-15 15:09:04.665603,0.681968578674131,0.0197967879383809,0.0543439779787411,0.243890655408747,"Foraging"
"TreeMovement","Hardy",2023-05-15 15:09:06.652798,0.791223508579329,0.00985029643981312,0.0251513157498483,0.173774879231009,"Foraging"
"TreeMovement","Hardy",2023-05-15 15:09:08.640003,0.78597433379642,0.0205435117790462,0.0431739892989042,0.15030816512563,"Foraging"
"TreeMovement","Hardy",2023-05-15 15:09:10.627198,0.37233624812151,0.028167137680412,0.0763276221611454,0.523168992036932,"TreeMovement"
"TreeMovement","Hardy",2023-05-15 15:09:12.614403,0.102684879721865,0.0115245426636408,0.0228167000453158,0.862973877569178,"TreeMovement"
"TreeMovement","Hardy",2023-05-15 15:09:14.601599,0.121865920762182,0.022310326370199,0.0501805205044873,0.805643232363132,"TreeMovement"
"TreeMovement","Hardy",2023-05-15 15:09:16.588804,0.106281777816191,0.000292595735148235,0.0320651992480362,0.861360427200625,"TreeMovement"
"TreeMovement","Hardy",2023-05-15 15:09:18.575999,0.214502478458034,0.0169037668481747,0.0322893115110708,0.73630444318272,"TreeMovement"
"TreeMovement","Hardy",2023-05-15 15:09:20.563204,0.6299303880317,0.00370477038278264,0.0320401140296635,0.334324727555853,"Foraging"
"TreeMovement","Hardy",2023-05-15 15:09:22.550399,0.305107143291369,0.00250783602634258,0.059639586903502,0.632745433778786,"TreeMovement"
"TreeMovement","Hardy",2023-05-15 15:09:24.537604,0.449436060504501,0.00872901080525315,0.0426980917359474,0.499136836954299,"TreeMovement"
"TreeMovement","Hardy",2023-05-15 15:09:26.524799,0.763420143353602,0.0335556389504654,0.0526644182947924,0.150359799401141,"Foraging"
"Foraging","Hardy",2023-05-15 15:09:28.512004,0.333540293799217,0.0052782340922874,0.0534249308452449,0.607756541263251,"TreeMovement"
"Foraging","Hardy",2023-05-16 12:52:44.054403,0.94508832431741,0.00653990640375937,0.00859257590053651,0.0397791933782939,"Foraging"
"Foraging","Hardy",2023-05-16 12:52:46.041598,0.783386558325166,0.0108944505813124,0.031906369708646,0.173812621384875,"Foraging"
"Foraging","Hardy",2023-05-16 12:52:48.028803,0.432822295148223,0.00642409184430194,0.0595120499189113,0.501241563088564,"TreeMovement"
"Foraging","Hardy",2023-05-16 12:53:06.345602,0.600681754579032,0.041284739514828,0.151232224396114,0.206801281510027,"Foraging"
"Foraging","Hardy",2023-05-16 12:53:08.332797,0.407253336278812,0.0644924642712253,0.0785347992545679,0.449719400195395,"TreeMovement"
"Foraging","Hardy",2023-05-16 12:53:16.281597,0.956545663964084,0.0113743869019567,0.01644005700023,0.0156398921337295,"Foraging"
"Foraging","Hardy",2023-05-16 12:53:18.268802,0.636807854229785,0.0192452697670597,0.0692245513854235,0.274722324617732,"Foraging"
"Foraging","Hardy",2023-05-16 12:53:26.304003,0.855169260905026,0.00444223350962629,0.0364340517354734,0.103954453849874,"Foraging"
"Foraging","Hardy",2023-05-16 12:53:28.291198,0.496010297657867,0.000693474098224913,0.0687263263844859,0.434569901859422,"Foraging"
"Foraging","Hardy",2023-05-16 12:53:30.278403,0.286688056747827,0.000535213059479941,0.0807811506488317,0.631995579543861,"TreeMovement"
"Foraging","Hardy",2023-05-16 12:53:32.265598,0.489618474563769,0.0115781710914454,0.133196004270927,0.365607350073858,"Foraging"
"Foraging","Hardy",2023-05-16 12:53:34.943998,0.390476767757486,0.0167412208810139,0.0569824483359858,0.535799563025514,"TreeMovement"
"Foraging","Hardy",2023-05-16 12:53:44.102398,0.61067555905193,0.0289047235949891,0.0911672904564168,0.269252426896665,"Foraging"
"Foraging","Hardy",2023-05-16 12:53:46.003202,0.748746715044052,0.000471859472587686,0.0412733823864297,0.20950804309693,"Foraging"
"Foraging","Hardy",2023-05-16 12:53:47.990397,0.355514803716748,0.0454078534481785,0.0477786626589871,0.551298680176087,"TreeMovement"
"Foraging","Hardy",2023-05-16 12:53:49.977602,0.307711690945503,0.0038789935823365,0.0635006966202816,0.624908618851879,"TreeMovement"
"Foraging","Hardy",2023-05-16 12:53:58.272005,0.552339359998214,0.0362970526687341,0.0590368859058094,0.352326701427243,"Foraging"
"Foraging","Hardy",2023-05-16 12:54:00.172799,0.726157719479142,0.0165259135136603,0.1201400834078,0.137176283599397,"Foraging"
"Foraging","Hardy",2023-05-16 12:54:02.160004,0.40942635226208,0.00444111668857035,0.095988152389192,0.490144378660158,"TreeMovement"
"Foraging","Hardy",2023-05-16 12:54:08.380801,0.66672621803207,0.00222984412909532,0.0664716608407705,0.264572276998064,"Foraging"
"Foraging","Hardy",2023-05-16 12:54:10.367996,0.506485473875671,0.00138552449229023,0.113087417172442,0.379041584459597,"Foraging"
"Foraging","Hardy",2023-05-16 12:56:03.033599,0.933660552707807,0.00031243999930181,0.030524255980885,0.0355027513120062,"Foraging"
"Foraging","Hardy",2023-05-16 12:56:05.020804,0.735884980767837,0.00678364578011701,0.106515726786687,0.150815646665359,"Foraging"
"Foraging","Hardy",2023-05-16 12:56:07.007999,0.930479017158712,0.00203084614248671,0.018363984605468,0.049126152093333,"Foraging"
"Foraging","Hardy",2023-05-16 12:56:13.7472,0.859321793856169,0.0087031315758341,0.0526912834172209,0.0792837911507761,"Foraging"
"Foraging","Hardy",2023-05-16 12:56:15.734396,0.350341086894547,0.00338333777755557,0.0893680411870509,0.556907534140846,"TreeMovement"
"Foraging","Hardy",2023-05-16 12:56:29.039996,0.909715245269252,0.00739208601700093,0.0129657243661229,0.0699269443476239,"Foraging"
"Foraging","Hardy",2023-05-16 12:56:31.027201,0.779547408215282,0.000103503596749987,0.038027372320068,0.1823217158679,"Foraging"
"Foraging","Hardy",2023-05-16 12:56:33.014396,0.455991069832966,0.00125163798132617,0.0824278679039465,0.460329424281762,"TreeMovement"
"Foraging","Hardy",2023-05-16 12:56:35.001601,0.989290822385973,0.00222984412909532,0.00566283559052551,0.00281649789440607,"Foraging"
"Foraging","Hardy",2023-05-16 12:56:36.988796,0.573521859875952,0.00928053056915364,0.115731035781071,0.301466573773824,"Foraging"
"Foraging","Hardy",2023-05-16 12:56:38.976002,0.45748364156149,0.0102999990693106,0.101369049665041,0.430847309704158,"Foraging"
"Foraging","Hardy",2023-05-16 12:56:40.876796,0.426565489799495,0.00942962021473602,0.10358053108855,0.460424358897219,"TreeMovement"
"Foraging","Hardy",2023-05-16 12:56:42.864001,0.226742040510865,0.00289713258390456,0.054136102119325,0.716224724785905,"TreeMovement"
"Foraging","Hardy",2023-05-16 12:56:57.379201,0.828592173030295,0.0100469532736381,0.0596878481890654,0.101673025507001,"Foraging"
"Foraging","Hardy",2023-05-16 12:56:59.279995,0.514044171583313,0.00423570664584334,0.0298294458867794,0.451890675884064,"Foraging"
"Foraging","Hardy",2023-05-16 12:57:09.302401,0.353575377286971,0.00117430060636564,0.092667579569844,0.552582742536819,"TreeMovement"
"Foraging","Hardy",2023-05-16 12:57:11.289596,0.28513695686545,0.00733617777201234,0.0374260683430104,0.670100797019528,"TreeMovement"
"Foraging","Hardy",2023-05-16 12:57:13.276801,0.551903690810377,0.00298540451058545,0.0865663246990705,0.358544579979967,"Foraging"
"Foraging","Hardy",2023-05-16 12:57:15.263996,0.802570680829701,0.00888510952533471,0.0384437900254347,0.15010041961953,"Foraging"
"Foraging","Hardy",2023-05-16 12:57:17.251201,0.827723623909822,0.00763790705928214,0.037963311895876,0.12667515713502,"Foraging"
"Foraging","Hardy",2023-05-16 12:57:19.238396,0.8952953103475,0.0118800759032209,0.0438143086594497,0.0490103050898296,"Foraging"
"Foraging","Hardy",2023-05-16 12:57:21.225601,0.890092267914096,3.55520032108171e-05,0.0319082760700908,0.0779639040126022,"Foraging"
"Foraging","Hardy",2023-05-16 12:57:23.212796,0.381508908701198,0.00101150881752247,0.0934582344241466,0.524021348057133,"TreeMovement"
"Foraging","Hardy",2023-05-16 12:57:38.2464,0.788088823435921,0.00821383064405529,0.0995695026659781,0.104127843254046,"Foraging"
"Foraging","Hardy",2023-05-16 12:57:40.233595,0.373615534288848,0.00544979358459737,0.0842735088572236,0.536661163269331,"TreeMovement"
"Foraging","Hardy",2023-05-16 12:57:42.2208,0.489489689999788,0.000471405001178513,0.136012422068063,0.37402648293097,"Foraging"
"Foraging","Hardy",2023-05-16 13:10:07.507202,0.908231144647015,0.00190676504495429,0.0372241344637908,0.0526379558442401,"Foraging"
"Foraging","Hardy",2023-05-16 13:10:09.494397,0.983979038578797,0.00112364943882983,0.00735373089325492,0.00754358108911851,"Foraging"
"Foraging","Hardy",2023-05-16 13:10:11.481602,0.836151866930488,0.00482511588706279,0.0569693455739897,0.10205367160846,"Foraging"
"Foraging","Hardy",2023-05-16 13:10:13.468797,0.59145599473462,0.00426677384079514,0.136957835730757,0.267319395693828,"Foraging"
"Foraging","Hardy",2023-05-16 13:10:24.614402,0.419746986999259,0.010412145621544,0.226789079414621,0.343051787964576,"Foraging"
"Foraging","Hardy",2023-05-16 13:10:26.601597,0.807063733189806,0.00185419300463548,0.104515903257849,0.0865661705477102,"Foraging"
"Foraging","Hardy",2023-05-16 13:10:28.588802,0.514523375613898,0.0270746116552257,0.155642673608484,0.302759339122392,"Foraging"
"Foraging","Hardy",2023-05-16 13:10:30.575997,0.494366299791887,0.0444397621388772,0.164699134983252,0.296494803085983,"Foraging"
"Foraging","Hardy",2023-05-16 13:10:43.622396,0.990939269375388,1.74547485643469e-05,0.00275250725073335,0.00629076862531397,"Foraging"
"Foraging","Hardy",2023-05-16 13:10:45.609601,0.916856375354229,0.00591715976331361,0.0270115704465645,0.0502148944358927,"Foraging"
"Foraging","Hardy",2023-05-16 13:10:47.596796,0.971995553211474,1.74547485643469e-05,0.0105513202525656,0.0174356717873957,"Foraging"
"Foraging","Hardy",2023-05-16 13:10:49.584001,0.319897552106014,0.00301941883881035,0.133592870537222,0.543490158517953,"TreeMovement"
"Foraging","Hardy",2023-05-16 13:11:00.124801,0.47239676496156,0.000648319232390029,0.168584183009309,0.358370732796741,"Foraging"
"Foraging","Hardy",2023-05-16 13:11:06.345598,0.70554833039702,0.000477176024648651,0.111749060299729,0.182225433278602,"Foraging"
"Foraging","Hardy",2023-05-16 13:11:08.332803,0.697455863412191,0.000551364373173283,0.0635952017803701,0.238397570434265,"Foraging"
"Foraging","Hardy",2023-05-16 13:11:10.319998,0.323405456927036,0.00201664056079742,0.130420528237717,0.54415737427445,"TreeMovement"
"Foraging","Hardy",2023-05-16 13:11:23.7984,0.499698789985036,0.0102927743159193,0.0718081500714341,0.418200285627611,"Foraging"
"Foraging","Hardy",2023-05-16 13:11:25.699204,0.548714725262324,0.000211118948766137,0.0643989580570005,0.38667519773191,"Foraging"
"Foraging","Hardy",2023-05-16 13:11:27.686399,0.647035187589364,0.000286441848350843,0.0542606526529361,0.298417717909349,"Foraging"
"Foraging","Hardy",2023-05-16 13:11:30.105598,0.944407027771041,0.00251663534509008,0.0172466967466031,0.0358296401372654,"Foraging"
"Foraging","Hardy",2023-05-16 13:11:32.006402,0.765241933665535,0.0109519127218242,0.107144180712486,0.116661972900155,"Foraging"
"Foraging","Hardy",2023-05-16 13:11:33.993597,0.888683604698581,0.00747295968534907,0.0395776894487121,0.0642657461673577,"Foraging"
"Foraging","Hardy",2023-05-16 13:11:35.980802,0.978601682220231,1.74547485643469e-05,0.0122732732759241,0.00910758975527997,"Foraging"
"Foraging","Hardy",2023-05-16 13:11:37.967997,0.493365524126752,0.000175883734337391,0.132119227061498,0.374339365077413,"Foraging"
"Foraging","Hardy",2023-05-16 13:11:45.052801,0.844264000461431,0.00467059980334317,0.0560556700579914,0.095009729677234,"Foraging"
"Foraging","Hardy",2023-05-16 13:11:47.039996,0.589166410608365,0.000589970501474926,0.137199040986453,0.273044577903707,"Foraging"
"Foraging","Hardy",2023-05-16 13:11:49.027201,0.495382984999822,0.0013484470545662,0.103368950321655,0.399899617623957,"Foraging"
"Foraging","Hardy",2023-05-16 13:11:57.062402,0.988973083887388,1.74547485643469e-05,0.00351439830229305,0.00749506306175493,"Foraging"
"Foraging","Hardy",2023-05-16 13:11:59.049597,0.905209407501489,1.74547485643469e-05,0.034226971416038,0.0605461663339091,"Foraging"
"Foraging","Hardy",2023-05-16 13:12:01.036802,0.931791641163655,0.00517969663646995,0.0227320720192366,0.0402965901806387,"Foraging"
"Foraging","Hardy",2023-05-16 13:12:06.048,0.915750499658615,0.000902410500776736,0.0444494856669524,0.0388976041736555,"Foraging"
"Foraging","Hardy",2023-05-16 13:12:08.035205,0.788944669087376,0.0031865102625675,0.0382706809369076,0.169598139713149,"Foraging"
"Foraging","Hardy",2023-05-16 13:12:10.0224,0.934432344277753,0.00201914037856856,0.0351678869609846,0.028380628382694,"Foraging"
"Foraging","Hardy",2023-05-16 13:12:14.687995,0.872978155192016,0,0.032633102288313,0.0943887425196701,"Foraging"
"Foraging","Hardy",2023-05-16 13:12:16.6752,0.983561594608333,1.74547485643469e-05,0.0135047196401139,0.00291623100298873,"Foraging"
"Foraging","Hardy",2023-05-16 13:12:18.662395,0.70877744864,0,0.0763995697173125,0.214822981642688,"Foraging"
"Foraging","Hardy",2023-05-16 13:12:20.908802,0.332717844480451,0.00313367271771905,0.055069562876258,0.609078919925572,"TreeMovement"
"Foraging","Hardy",2023-05-16 13:12:45.619199,0.738734877297013,0.00908537797577961,0.0636829264377774,0.18849681828943,"Foraging"
"Foraging","Hardy",2023-05-16 13:12:47.606404,0.42147580901194,0.00920863939840582,0.0903197608509007,0.478995790738754,"TreeMovement"
"Foraging","Hardy",2023-05-16 13:13:14.303997,0.655997324412737,0.000786627335299902,0.120913230116063,0.2223028181359,"Foraging"
"Foraging","Hardy",2023-05-16 13:13:16.291202,0.70668990454896,0.00703750526759376,0.10601834595875,0.180254244224696,"Foraging"
"Foraging","Hardy",2023-05-16 13:13:18.278397,0.547102556428022,0.00141079837187137,0.111264169521503,0.340222475678604,"Foraging"
"Foraging","Hardy",2023-05-16 13:13:20.265602,0.684331840970361,0.0222991946210391,0.115189361155176,0.178179603253424,"Foraging"
"Foraging","Hardy",2023-05-16 13:13:22.252797,0.851785591950449,0.00979070094114342,0.0661672395349224,0.0722564675734853,"Foraging"
"Foraging","Hardy",2023-05-16 13:13:24.240002,0.973464951657708,0.00112364943882983,0.0101798038151981,0.0152315950882643,"Foraging"
"Foraging","Hardy",2023-05-16 13:13:26.227197,0.90391321925723,0.00480404551201011,0.0516710488285214,0.0396116864022389,"Foraging"
"Foraging","Hardy",2023-05-16 13:13:28.128001,0.554618505428728,0.00450462439284051,0.123695510628584,0.317181359549848,"Foraging"
"Foraging","Hardy",2023-05-16 13:13:30.115196,0.622726461006253,0.0253994129867441,0.13302730494399,0.218846821063013,"Foraging"
"Foraging","Hardy",2023-05-16 13:13:36.336003,0.597182059147813,0.0118767657395875,0.114780311308866,0.276160863803734,"Foraging"
"Foraging","Hardy",2023-05-16 13:13:42.4704,0.768137583096664,0.00517844986871536,0.105861875915914,0.120822091118706,"Foraging"
"Foraging","Hardy",2023-05-16 13:13:44.457605,0.739789213924936,0.00353982300884956,0.0768958650907788,0.179775097975435,"Foraging"
"Foraging","Hardy",2023-05-16 13:13:46.4448,0.561808077239022,0.00584351734794213,0.138922811254504,0.293425594158531,"Foraging"
"TreeMovement","Hardy",2023-05-16 13:13:48.432005,0.138036295817586,0.0180505791107857,0.0735200232016226,0.770393101870005,"TreeMovement"
"TreeMovement","Hardy",2023-05-17 00:46:50.678398,0.299111250254238,0.0567456075954797,0.0926203172302851,0.551522824919997,"TreeMovement"
"TreeMovement","Hardy",2023-05-17 00:46:52.579202,0.376843278939907,0.0736169242162025,0.100287024938922,0.449252771904969,"TreeMovement"
"TreeMovement","Hardy",2023-05-17 00:46:54.566397,0.0852953470476208,0.00223192785010877,0.0185446123228086,0.893928112779462,"TreeMovement"
"TreeMovement","Hardy",2023-05-17 00:46:56.553602,0.152692672363513,0.047847725274796,0.0665202041496989,0.732939398211993,"TreeMovement"
"TreeMovement","Hardy",2023-05-17 00:46:58.540797,0.125446819434557,0.0137173270838931,0.026164403521787,0.834671449959763,"TreeMovement"
"Stationary","Hardy",2023-05-17 00:47:00.528003,0.244661395806179,0.334054408390692,0.163196860459672,0.258087335343458,"Locomotion"
"Stationary","Hardy",2023-05-17 06:44:27.920029,0.107225761494372,0.0279580465421173,0.805732037160981,0.0590841548025307,"Stationary"
"Stationary","Hardy",2023-05-17 06:44:29.899972,0.140443733585326,0.0445989605281641,0.679805694960562,0.135151610925947,"Stationary"
"Stationary","Hardy",2023-05-17 06:44:31.876968,0.142234396216697,0.0284754413072997,0.744663342229714,0.0846268202462893,"Stationary"
"Stationary","Hardy",2023-05-17 06:44:33.846983,0.0979110756241637,0.0201081612586037,0.805367893677162,0.0766128694400702,"Stationary"
"Stationary","Hardy",2023-05-17 06:44:35.837035,0.127465686401724,0.0535913283700894,0.706293316526142,0.112649668702044,"Stationary"
"Stationary","Hardy",2023-05-17 06:44:37.80704,0.116555909976963,0.0250175586458772,0.729046206514767,0.129380324862393,"Stationary"
"Stationary","Hardy",2023-05-17 06:44:39.779983,0.200499220026467,0.0221051645830407,0.70020096948369,0.0771946459068024,"Stationary"
"Stationary","Hardy",2023-05-17 06:44:41.760006,0.143303480373674,0.0380694854146182,0.687896765599579,0.130730268612128,"Stationary"
"Stationary","Hardy",2023-05-17 06:44:43.74004,0.10460387694901,0.0108231493187245,0.788312965304116,0.09626000842815,"Stationary"
"Stationary","Hardy",2023-05-17 06:44:45.719983,0.16257912658225,0.028543334738025,0.70391051387928,0.104967024800445,"Stationary"
"Stationary","Hardy",2023-05-17 06:44:47.696989,0.173628638952346,0.0288570492110315,0.718906780224899,0.0786075316117235,"Stationary"
"Stationary","Hardy",2023-05-17 06:44:49.68004,0.13242847778246,0.0277613897082924,0.762344898628085,0.0774652338811631,"Stationary"
"Stationary","Hardy",2023-05-17 06:44:51.656955,0.128281473537508,0.0146591281547034,0.701439151950556,0.155620246357233,"Stationary"
"Stationary","Hardy",2023-05-17 06:44:53.626961,0.0918662191368293,0.0145572880086154,0.801777735883465,0.0917987569710904,"Stationary"
"Stationary","Hardy",2023-05-17 06:44:55.599994,0.134593326051488,0.0688720325888467,0.669989450502512,0.126545190857153,"Stationary"
"Stationary","Hardy",2023-05-17 06:44:57.580027,0.097502309227973,0.026679777122255,0.801202075538359,0.0746158381114133,"Stationary"
"Stationary","Hardy",2023-05-17 06:44:59.55996,0.13720541586853,0.0205108395373882,0.728659960123836,0.113623784470246,"Stationary"
"Stationary","Hardy",2023-05-17 06:45:01.539994,0.14786167618026,0.0285819637589549,0.723841022956067,0.0997153371047176,"Stationary"
"Stationary","Hardy",2023-05-17 06:45:03.517,0.0907875637964134,0.01790045418364,0.830911410778667,0.0604005712412792,"Stationary"
"Stationary","Hardy",2023-05-17 06:45:05.49996,0.0828420104968778,0.00722713864306785,0.826285186462178,0.0836456643978768,"Stationary"
"Stationary","Hardy",2023-05-17 06:45:07.476966,0.125671059520617,0.0251720747295968,0.7653695616085,0.0837873041412864,"Stationary"
"Stationary","Hardy",2023-05-17 06:45:09.446971,0.128795121338068,0.0888362129512572,0.698017832322882,0.0843508333877933,"Stationary"
"Stationary","Hardy",2023-05-17 06:45:11.420004,0.0731317600786627,0.0111602753195674,0.841811939233361,0.0738960253684086,"Stationary"
"Stationary","Hardy",2023-05-17 06:45:13.400038,0.153926645298327,0.0475160368965679,0.689375848667884,0.109181469137221,"Stationary"
"Stationary","Hardy",2023-05-17 06:45:15.379981,0.135872313527181,0.0205319099124409,0.744754647188276,0.0988411293721028,"Stationary"
"Stationary","Hardy",2023-05-17 06:45:17.360004,0.158170756487325,0.0480662078007211,0.698173134512155,0.0955899011997986,"Stationary"
"Stationary","Hardy",2023-05-17 06:45:19.33701,0.117304673800234,0.0234829329962073,0.731425497432454,0.127786895771105,"Stationary"
"Stationary","Hardy",2023-05-17 06:45:21.319981,0.147506672285433,0.0260663950929438,0.756998876246664,0.069428056374959,"Stationary"
"Stationary","Hardy",2023-05-17 06:45:23.296987,0.10326570156086,0.0208210422812193,0.801011102572789,0.0749021535851312,"Stationary"
"Stationary","Hardy",2023-05-17 06:45:25.266992,0.0841609308423468,0.00632579482137004,0.841055625790139,0.0684576485461441,"Stationary"
"Stationary","Hardy",2023-05-17 06:45:27.240015,0.119209477837796,0.0177318911832186,0.768778280061466,0.094280350917519,"Stationary"
"Stationary","Hardy",2023-05-17 06:45:29.219958,0.111368218512935,0.0196258837851758,0.74296700802427,0.12603888967762,"Stationary"
"Stationary","Hardy",2023-05-17 06:45:31.199992,0.110475600806158,0.0110198061525495,0.803471547732349,0.0750330453089433,"Stationary"
"Stationary","Hardy",2023-05-17 06:45:33.180015,0.120004833358801,0.0304326450344149,0.690504251924069,0.159058269682716,"Stationary"
"Stationary","Hardy",2023-05-17 06:45:35.157021,0.0772603830125954,0.0129793510324484,0.848783771128904,0.0609764948260524,"Stationary"
"Stationary","Hardy",2023-05-17 06:45:37.139992,0.145052106864251,0.024385447394297,0.721886963701648,0.108675482039804,"Stationary"
"Stationary","Hardy",2023-05-17 06:45:39.116998,0.124795816290789,0.0160205084983846,0.770812096744999,0.0883715784658276,"Stationary"
"Stationary","Hardy",2023-05-17 06:45:41.087003,0.160020133913939,0.0250550170904153,0.724079926956033,0.0908449220396123,"Stationary"
"Stationary","Hardy",2023-05-17 06:45:43.060036,0.159497019539252,0.0419955986327668,0.683583070364569,0.114924311463412,"Stationary"
"Stationary","Hardy",2023-05-17 06:45:45.046969,0.110563940452607,0.0433534672472726,0.741928278475524,0.104154313824596,"Stationary"
"Stationary","Hardy",2023-05-17 06:45:47.020002,0.1442294062996,0.0353467247272557,0.705115944323183,0.115307924649961,"Stationary"
"Stationary","Hardy",2023-05-17 06:45:49.000036,0.170000495086976,0.0263098749824414,0.701102598959058,0.102587030971525,"Stationary"
"Stationary","Hardy",2023-05-17 06:45:50.977032,0.154618891226437,0.0198553167579716,0.680112107869106,0.145413684146486,"Stationary"
"Stationary","Hardy",2023-05-17 06:45:52.960002,0.115237526164715,0.0197710352577609,0.748043200532663,0.116948238044861,"Stationary"
"Stationary","Hardy",2023-05-17 06:45:54.937008,0.142564201914458,0.0302617408812099,0.731605086507276,0.0955689706970564,"Stationary"
"Stationary","Hardy",2023-05-17 06:45:56.907014,0.172215651284433,0.0645947464531535,0.654222566889021,0.108967035373393,"Stationary"
"Stationary","Hardy",2023-05-17 06:45:58.879956,0.135569586762262,0.0306644191599944,0.726600475771355,0.107165518306389,"Stationary"
"Stationary","Hardy",2023-05-17 06:46:00.86699,0.156799671687751,0.0338671161680011,0.685191933213797,0.124141278930451,"Stationary"
"Stationary","Hardy",2023-05-17 06:46:02.840013,0.159354440552758,0.0359261600412043,0.713423728696469,0.0912956707095688,"Stationary"
"Stationary","Hardy",2023-05-17 06:46:04.819956,0.12451583389435,0.0485625321908508,0.73364061483583,0.0932810190789695,"Stationary"
"Stationary","Hardy",2023-05-17 06:46:06.796962,0.110350690783716,0.0222011518471695,0.770875322548231,0.0965728348208832,"Stationary"
"Stationary","Hardy",2023-05-17 06:46:08.780013,0.158219787423327,0.0448494638760125,0.707302055532144,0.0896286931685162,"Stationary"
"Stationary","Hardy",2023-05-17 06:46:10.757019,0.0940581328201537,0.0131268436578171,0.776446133155481,0.116368890366548,"Stationary"
"Stationary","Hardy",2023-05-17 06:46:12.727025,0.0969790615808315,0.0104555883316945,0.814915377968475,0.0776499721189987,"Stationary"
"Stationary","Hardy",2023-05-17 06:46:14.699967,0.125385572153469,0.0388654773610526,0.725772878262341,0.109976072223138,"Stationary"
"Stationary","Hardy",2023-05-17 06:46:16.687001,0.147719101095906,0.0365875357025799,0.709382970701089,0.106310392500425,"Stationary"
"Stationary","Hardy",2023-05-17 06:46:18.660024,0.134938774906485,0.0302617408812099,0.68678401430841,0.148015469903895,"Stationary"
"Stationary","Hardy",2023-05-17 06:46:20.639967,0.142556170633652,0.0112141218335909,0.733465169952471,0.112764537580286,"Stationary"
"Stationary","Hardy",2023-05-17 06:46:22.62,0.152922417766837,0.0576110876995833,0.66172336719011,0.12774312734347,"Stationary"
"Stationary","Hardy",2023-05-17 06:46:24.600024,0.252787748815859,0.0510184014608793,0.446993629021219,0.249200220702043,"Stationary"
"Stationary","Hardy",2023-05-17 06:46:39.76349,0.173599564971246,0.0367514163974341,0.656480204489054,0.133168814142265,"Stationary"
"Stationary","Hardy",2023-05-17 06:46:41.739973,0.188746823481337,0.0379454043170857,0.690963133883488,0.0823446383180896,"Stationary"
"Stationary","Hardy",2023-05-17 06:46:43.720007,0.133801563890059,0.0243807650887297,0.767443929390832,0.0743737416303788,"Stationary"
"Stationary","Hardy",2023-05-17 06:46:45.693462,0.174094299380609,0.0375146322048977,0.636307492515197,0.152083575899297,"Stationary"
"Stationary","Hardy",2023-05-17 06:46:47.679973,0.142149582636308,0.0226576766399775,0.749337666594304,0.0858550741294104,"Stationary"
"Stationary","Hardy",2023-05-17 06:46:49.653519,0.0726143653134804,0.0107833497214028,0.879896521046963,0.0367057639181533,"Stationary"
"Stationary","Hardy",2023-05-17 06:46:51.623535,0.150807405318665,0.0162148241794259,0.744273838134982,0.0887039323669271,"Stationary"
"Stationary","Hardy",2023-05-17 06:46:53.600018,0.173210641217476,0.0940370838600927,0.611756396546744,0.120995878375687,"Stationary"
"Stationary","Hardy",2023-05-17 06:46:55.583501,0.180143965186198,0.0711476330945357,0.624589815722346,0.12411858599692,"Stationary"
"Stationary","Hardy",2023-05-17 06:46:57.559984,0.160477829283139,0.0379336985531676,0.743471695462846,0.0581167767008475,"Stationary"
"Stationary","Hardy",2023-05-17 06:46:59.540017,0.105838835042375,0.00961043217680386,0.823038113967318,0.0615126188135038,"Stationary"
"Stationary","Hardy",2023-05-17 06:47:01.51996,0.196771343739069,0.0424872407173292,0.651496891775393,0.109244523768209,"Stationary"
"Stationary","Hardy",2023-05-17 06:47:03.499984,0.135379294293922,0.0349733108582666,0.740444309483872,0.0892030853639391,"Stationary"
"Stationary","Hardy",2023-05-17 06:47:05.47354,0.106681650044482,0.0138315306456899,0.823385775155687,0.0561010441541415,"Stationary"
"Stationary","Hardy",2023-05-17 06:47:07.443545,0.179638163509131,0.168338249754179,0.554316709608532,0.0977068771281575,"Stationary"
"Stationary","Hardy",2023-05-17 06:47:09.420028,0.145919757995962,0.0382591187900923,0.695834216465272,0.119986906748674,"Stationary"
"Stationary","Hardy",2023-05-17 06:47:11.403512,0.126953804673742,0.0071545629067753,0.75972008451186,0.106171547907623,"Stationary"
"Stationary","Hardy",2023-05-17 06:47:13.380005,0.140374798397621,0.0162827176101512,0.772034347511758,0.07130813648047,"Stationary"
"Stationary","Hardy",2023-05-17 06:47:15.360028,0.113657114763309,0.0111602753195674,0.813812801423421,0.0613698084937023,"Stationary"
"Stationary","Hardy",2023-05-17 06:47:17.339971,0.139829527084149,0.0403567916842253,0.69155391520857,0.128259766023056,"Stationary"
"Stationary","Hardy",2023-05-17 06:47:19.320005,0.141038067144262,0.0172823898487615,0.763881865430538,0.0777976775764386,"Stationary"
"Stationary","Hardy",2023-05-17 06:47:21.29346,0.173505307220106,0.105041672519549,0.604516487979402,0.116936532280943,"Stationary"
"Stationary","Hardy",2023-05-17 06:47:23.263466,0.116341565677849,0.0371915531207567,0.767605362516867,0.0788615186845275,"Stationary"
"Stationary","Hardy",2023-05-17 06:47:25.240039,0.12241419675048,0.0196469541602285,0.790251439808962,0.0676874092803296,"Stationary"
"Stationary","Hardy",2023-05-17 06:47:27.223522,0.120456376930527,0.0233951397668212,0.77850901836696,0.0776394649356922,"Stationary"
"Stationary","Hardy",2023-05-17 06:47:29.200016,0.168554806386665,0.0254588659455916,0.694083906915765,0.111902420751978,"Stationary"
"Stationary","Hardy",2023-05-17 06:47:31.180039,0.121312477793477,0.0160837196235426,0.781573681586696,0.0810301209962844,"Stationary"
"Stationary","Hardy",2023-05-17 06:47:33.159982,0.131723790794587,0.0277941658472632,0.787813129184811,0.052668914173339,"Stationary"
"Stationary","Hardy",2023-05-17 06:47:35.140016,0.141350318649189,0.0342112656271948,0.713023350394819,0.111415065328798,"Stationary"
"Stationary","Hardy",2023-05-17 06:47:37.113471,0.160634792935678,0.0326169405815423,0.721971506042303,0.0847767604404773,"Stationary"
"Stationary","Hardy",2023-05-17 06:47:39.083486,0.128747979034288,0.0182890855457227,0.788084427477972,0.0648785079420165,"Stationary"
"Stationary","Hardy",2023-05-17 06:47:41.073528,0.137541449045874,0.0475324249660533,0.714298963082149,0.100627162905924,"Stationary"
"Stationary","Hardy",2023-05-17 06:47:43.043543,0.131333988856113,0.0295242777543662,0.747944467855972,0.0911972655335487,"Stationary"
"Stationary","Hardy",2023-05-17 06:47:45.020026,0.160246182130997,0.0246570211171981,0.647467472440149,0.167629324311656,"Stationary"
"Stationary","Hardy",2023-05-17 06:47:46.999969,0.203098437956242,0.028327948681931,0.631008987694102,0.137564625667724,"Stationary"
"Stationary","Hardy",2023-05-17 06:47:48.979993,0.190865992414665,0.126739476518238,0.56597251486632,0.116422016200777,"Stationary"
"Stationary","Hardy",2023-05-17 06:47:50.960026,0.160702473534332,0.0329376785128997,0.720502432670575,0.0858574152821941,"Stationary"
"Stationary","Hardy",2023-05-17 06:47:52.933492,0.188755762428329,0.0560518799456853,0.615757137156582,0.139435220469404,"Stationary"
"Stationary","Hardy",2023-05-17 06:47:54.903497,0.136190843578209,0.0119234911270309,0.779381871694344,0.0725037936004167,"Stationary"
"TreeMovement","Hardy",2023-05-17 06:47:56.893458,0.233438562519817,0.00824682448634033,0.0555441387417589,0.702770474252084,"TreeMovement"
"TreeMovement","Hardy",2023-05-19 02:14:47.731197,0.0777428329202215,0.00277415296915463,0.0163512984802339,0.903131715630389,"TreeMovement"
"TreeMovement","Hardy",2023-05-19 02:14:49.632001,0.145283106282965,0.0306958022865424,0.0495221639838747,0.774498927446618,"TreeMovement"
"TreeMovement","Hardy",2023-05-19 02:14:51.619196,0.102759118663442,0.00557363667765114,0.0343722313334174,0.85729501332549,"TreeMovement"
"TreeMovement","Hardy",2023-05-19 02:14:53.606402,0.285919045575904,0.0444414570497581,0.0638568477457768,0.605782649628561,"TreeMovement"
"TreeMovement","Hardy",2023-05-19 02:15:04.665595,0.100754870567815,0.017850368639296,0.0170366826794794,0.864358078113409,"TreeMovement"
"TreeMovement","Hardy",2023-05-19 02:15:06.6528,0.224436620136448,0.0572872129778302,0.0920894111996421,0.626186755686079,"TreeMovement"
"TreeMovement","Hardy",2023-05-19 02:15:08.639995,0.0691311820497515,0.0185403924301391,0.0315957297000254,0.880732695820084,"TreeMovement"
"TreeMovement","Hardy",2023-05-19 02:15:10.6272,0.330566306772821,0.0558808121224908,0.0509248570490826,0.562628024055605,"TreeMovement"
"TreeMovement","Hardy",2023-05-19 02:15:12.614395,0.053493955239494,0.0110999150402688,0.0129095030968793,0.922496626623358,"TreeMovement"
"TreeMovement","Hardy",2023-05-19 02:15:14.601601,0.352619373396174,0.0759997757140982,0.0754171231815886,0.495963727708139,"TreeMovement"
"TreeMovement","Hardy",2023-05-19 02:15:16.588796,0.058253921255254,0.0026531533311891,0.0182256295219556,0.920867295891601,"TreeMovement"
"TreeMovement","Hardy",2023-05-19 02:15:18.4896,0.341992628006277,0.0668097813764676,0.0837186309577646,0.507478959659491,"TreeMovement"
"TreeMovement","Hardy",2023-05-19 02:15:20.476795,0.0527390473144738,0.0049864527830298,0.0176865138090134,0.924587986093483,"TreeMovement"
"Locomotion","Hardy",2023-05-19 02:15:22.464,0.26782680587295,0.160029867345626,0.0794954200649577,0.492647906716467,"TreeMovement"
"Locomotion","Hardy",2023-05-19 02:15:30.239999,0.0254342838413635,0.945384417287072,0.0141827035632345,0.0149985953083298,"Locomotion"
"Locomotion","Hardy",2023-05-19 02:15:30.239999,0.0250163880694854,0.932085498899658,0.0193695275553683,0.0235285854754881,"Locomotion"
"Locomotion","Hardy",2023-05-19 02:15:30.239999,0.214634371791617,0.139231350830408,0.116808418238354,0.52932585913962,"TreeMovement"
"Locomotion","Hardy",2023-05-19 02:15:31.795201,0.143040574982386,0.10207644475965,0.183699454369639,0.571183525888325,"TreeMovement"
"Locomotion","Hardy",2023-05-19 02:15:33.695995,0.131298857340263,0.0874896259316552,0.178093686750701,0.603117829977381,"TreeMovement"
"Locomotion","Hardy",2023-05-19 02:15:35.6832,0.145538815688899,0.044384071542915,0.141800816387014,0.668276296381172,"TreeMovement"
"Locomotion","Hardy",2023-05-19 02:15:37.670395,0.112727703014742,0.775671573564179,0.0260695159106712,0.085531207510408,"Locomotion"
"Locomotion","Hardy",2023-05-19 02:15:38.880004,0,1,0,0,"Locomotion"
"Locomotion","Hardy",2023-05-19 02:15:38.880004,0.0107903731797537,0.984080161071311,0.00196656833824975,0.00316289741068502,"Locomotion"
"Locomotion","Hardy",2023-05-19 02:15:38.880004,0.0178615910474318,0.940636559441869,0.00695556492016669,0.0345462845905324,"Locomotion"
"Locomotion","Hardy",2023-05-19 02:15:38.880004,0.0150278597181252,0.954291333052395,0.0113803436812286,0.0193004635482512,"Locomotion"
"Locomotion","Hardy",2023-05-19 02:15:38.966405,0.157836245792199,0.0266162251299492,0.157511052671346,0.658036476406507,"TreeMovement"
"Locomotion","Hardy",2023-05-19 02:15:40.867199,0.144760524430297,0.101645901813595,0.169315406267789,0.58427816748832,"TreeMovement"
"Locomotion","Hardy",2023-05-19 02:15:42.854404,0.142189503021298,0.0530330043140949,0.161877555553326,0.642899937111282,"TreeMovement"
"Locomotion","Hardy",2023-05-19 02:15:44.841599,0.152242365130755,0.0250531611287012,0.146131301796736,0.676573171943808,"TreeMovement"
"Locomotion","Hardy",2023-05-19 02:15:46.828804,0.153043486761839,0.704325279767758,0.0507328912530115,0.0918983422173921,"Locomotion"
"Locomotion","Hardy",2023-05-19 02:15:47.52,0.0459753197037328,0.875210703750527,0.0231749918514245,0.0556389846943159,"Locomotion"
"Locomotion","Hardy",2023-05-19 02:15:47.52,0.00532612258275975,0.966820012173994,0.00924170061338203,0.0186121646298637,"Locomotion"
"Locomotion","Hardy",2023-05-19 02:15:47.52,0.00771409842206302,0.972178910895725,0.00666057966942923,0.0134464110127827,"Locomotion"
"Locomotion","Hardy",2023-05-19 02:15:47.52,0.117668952814564,0.733613101090977,0.041297848789424,0.107420097305035,"Locomotion"
"Locomotion","Hardy",2023-05-19 02:15:48.124804,0.152715190679263,0.049200522117698,0.139027507056058,0.659056780146981,"TreeMovement"
"Locomotion","Hardy",2023-05-19 02:15:50.025599,0.160304298397085,0.0526409247073568,0.170840300196105,0.616214476699454,"TreeMovement"
"Locomotion","Hardy",2023-05-19 02:15:52.012804,0.194775620803672,0.117348010430705,0.139865737055188,0.548010631710435,"TreeMovement"
"Locomotion","Hardy",2023-05-19 02:15:53.999999,0.120696676208575,0.0417831494209629,0.162619659741334,0.674900514629128,"TreeMovement"
"Locomotion","Hardy",2023-05-19 02:15:55.987204,0.0611860280001873,0.872354497354497,0.0360268296109004,0.0304326450344149,"Locomotion"
"Locomotion","Hardy",2023-05-19 02:15:56.159995,0.0167813831530646,0.965991244088589,0.0109519127218242,0.00627546003652198,"Locomotion"
"Locomotion","Hardy",2023-05-19 02:15:56.159995,0,1,0,0,"Locomotion"
"Locomotion","Hardy",2023-05-19 02:15:56.159995,0,1,0,0,"Locomotion"
"Locomotion","Hardy",2023-05-19 02:15:56.159995,0.0975226764054259,0.555475450942089,0.0644354539354801,0.282566418717005,"Locomotion"
"Locomotion","Hardy",2023-05-19 02:15:57.283204,0.140117801494828,0.0469177325998999,0.200150552697713,0.61281391320756,"TreeMovement"
"Locomotion","Hardy",2023-05-19 02:15:59.183998,0.14006882626018,0.0320637546375148,0.150291740913239,0.677575678189067,"TreeMovement"
"Locomotion","Hardy",2023-05-19 02:16:01.171203,0.118693995996519,0.223719374148261,0.137104450952675,0.520482178902545,"TreeMovement"
"Locomotion","Hardy",2023-05-19 02:16:03.158398,0.145612078548279,0.369741138880343,0.11049235343094,0.374154429140438,"TreeMovement"
"Locomotion","Hardy",2023-05-19 02:16:04.800001,0.000589970501474926,0.999115044247788,0.000294985250737463,0,"Locomotion"
"Locomotion","Hardy",2023-05-19 02:16:04.800001,0.0139298590626024,0.973070890106288,0.00508030154047853,0.00791894929063071,"Locomotion"
"Locomotion","Hardy",2023-05-19 02:16:04.800001,0,0.997050147492625,0.00294985250737463,0,"Locomotion"
"Locomotion","Hardy",2023-05-19 02:16:04.800001,0.00448377581120944,0.98377581120944,0.00138643067846608,0.010353982300885,"Locomotion"
"Locomotion","Hardy",2023-05-19 02:16:04.800001,0.194487341366937,0.270889773485742,0.114411708819872,0.420211176327449,"TreeMovement"
"Locomotion","Hardy",2023-05-19 02:16:06.441603,0.133773749568952,0.113230351451142,0.196779038095153,0.556216860884753,"TreeMovement"
"Locomotion","Hardy",2023-05-19 02:16:08.428798,0.17012777439968,0.201938251829668,0.154402797120127,0.473531176650524,"TreeMovement"
"Locomotion","Hardy",2023-05-19 02:16:10.416003,0.126009790249824,0.259109619675543,0.136700932130885,0.478179657943748,"TreeMovement"
"Locomotion","Hardy",2023-05-19 02:16:12.316797,0.11245311191848,0.659763777684132,0.0581719923159476,0.169611118081441,"Locomotion"
"Locomotion","Hardy",2023-05-19 02:16:13.439996,0.0186578171091445,0.971583087512291,0.00607177974434612,0.00368731563421829,"Locomotion"
"Locomotion","Hardy",2023-05-19 02:16:13.439996,0.0253640492578546,0.933823804841504,0.018705810741209,0.0221063351594325,"Locomotion"
"Locomotion","Hardy",2023-05-19 02:16:13.439996,0.00147492625368732,0.998525073746313,0,0,"Locomotion"
"Locomotion","Hardy",2023-05-19 02:16:13.439996,0.0740610626672573,0.839581870112843,0.0295419714667502,0.0568150957531488,"Locomotion"
"Locomotion","Hardy",2023-05-19 02:16:13.612797,0.151071067438103,0.105807998340912,0.14864745842543,0.594473475795556,"TreeMovement"
"Locomotion","Hardy",2023-05-19 02:16:15.600002,0.104250285140626,0.391547829376099,0.100583356972718,0.403618528510556,"TreeMovement"
"Locomotion","Hardy",2023-05-19 02:16:17.587197,0.1468790639353,0.337481705520647,0.106023163967617,0.409616066576435,"TreeMovement"
"Locomotion","Hardy",2023-05-19 02:16:22.080001,0.00589970501474926,0.991150442477876,0,0.00294985250737463,"Locomotion"
"Locomotion","Hardy",2023-05-19 02:16:22.080001,0.0191482886173152,0.959052067237908,0.00416725195486257,0.0176323921899143,"Locomotion"
"Locomotion","Hardy",2023-05-19 02:16:22.080001,0.0546454058069102,0.910872313527181,0.012493561829845,0.021988718836064,"Locomotion"
"Locomotion","Hardy",2023-05-19 02:16:23.376001,0.133693477630179,0.0917184334324701,0.20128404752955,0.573304041407801,"TreeMovement"
"Locomotion","Hardy",2023-05-19 02:16:25.363196,0.125132866536045,0.206875759422043,0.133416689565311,0.534574684476601,"TreeMovement"
"Locomotion","Hardy",2023-05-19 02:16:27.264001,0.254770010024894,0.271468411346458,0.167687487415984,0.306074091212665,"TreeMovement"
"Locomotion","Hardy",2023-05-19 02:16:29.251196,0.105809387164501,0.493003666230166,0.0474975981495025,0.35368934845583,"Locomotion"
"Locomotion","Hardy",2023-05-19 02:16:30.719997,0,1,0,0,"Locomotion"
"Locomotion","Hardy",2023-05-19 02:16:30.719997,0.0021304490331039,0.992789249426418,0.0021304490331039,0.00294985250737463,"Locomotion"
"Locomotion","Hardy",2023-05-19 02:16:30.719997,0,1,0,0,"Locomotion"
"Locomotion","Hardy",2023-05-19 02:16:30.719997,0.0309011948392479,0.928094385616509,0.0102788312965304,0.0307255882477121,"Locomotion"
"Locomotion","Hardy",2023-05-19 02:16:30.719997,0.170940303421561,0.190862641754986,0.142201248103694,0.495995806719759,"TreeMovement"
"Locomotion","Hardy",2023-05-19 02:16:32.5344,0.186303390701158,0.347765138198318,0.140846366695429,0.325085104405096,"Locomotion"
"Locomotion","Hardy",2023-05-19 02:16:34.521595,0.150440878476586,0.154852873499643,0.194246802714465,0.500459445309307,"TreeMovement"
"Locomotion","Hardy",2023-05-19 02:16:36.4224,0.112742967140472,0.187526027048223,0.129321178510279,0.570409827301026,"TreeMovement"
"Locomotion","Hardy",2023-05-19 02:16:38.409605,0.0917999451501348,0.794994615348597,0.0235770807831491,0.0896283587181185,"Locomotion"
"Locomotion","Hardy",2023-05-19 02:16:39.360002,0.000655522779416585,0.998098983939692,0.000655522779416585,0.000589970501474926,"Locomotion"
"Locomotion","Hardy",2023-05-19 02:16:39.360002,0.00758407879064041,0.967171185091539,0.0152728813423827,0.00997185477543777,"Locomotion"
"Locomotion","Hardy",2023-05-19 02:16:39.360002,0.192601846744216,0.317116172008218,0.113409005385821,0.376872975861745,"TreeMovement"
"Locomotion","Hardy",2023-05-19 02:16:40.656002,0.14372474554629,0.0757949991927807,0.194920882957898,0.585559372303032,"TreeMovement"
"Locomotion","Hardy",2023-05-19 02:16:45.494399,0.140681057409524,0.166037118708108,0.165022740002149,0.52825908388022,"TreeMovement"
"Locomotion","Hardy",2023-05-19 02:16:47.481604,0.018477548344805,0.964823008849558,0.00761225827597509,0.00908718452966241,"Locomotion"
"Locomotion","Hardy",2023-05-19 02:16:47.999998,0.000655522779416585,0.994264175680105,0.0021304490331039,0.00294985250737463,"Locomotion"
"Locomotion","Hardy",2023-05-19 02:16:47.999998,0.0104181298871564,0.978011893056141,0.0051540478531629,0.00641592920353982,"Locomotion"
"Locomotion","Hardy",2023-05-19 02:16:47.999998,0,0.997050147492625,0.00294985250737463,0,"Locomotion"
"Locomotion","Hardy",2023-05-19 02:16:47.999998,0.0259013438216978,0.957079646017699,0.00577679449360865,0.0112422156669944,"Locomotion"
"Locomotion","Hardy",2023-05-19 02:16:48.691203,0.0738374161187708,0.366608651289619,0.0992867057362226,0.460267226855388,"TreeMovement"
"Locomotion","Hardy",2023-05-19 02:16:50.678398,0.161708420483308,0.198664191705662,0.150538585762867,0.489088802048163,"TreeMovement"
"Locomotion","Hardy",2023-05-19 02:16:52.665603,0.098963177975895,0.425194806230956,0.103202147573615,0.372639868219534,"Locomotion"
"Locomotion","Hardy",2023-05-19 02:16:54.652798,0.133246241759276,0.0468320394222988,0.141711958889967,0.678209759928459,"TreeMovement"
"Locomotion","Hardy",2023-05-19 02:16:56.640003,0.00231774125579435,0.996944795617362,0.000737463126843658,0,"Locomotion"
"Locomotion","Hardy",2023-05-19 02:16:56.640003,0.0166830547361521,0.955090836728005,0.00806527133960762,0.0201608371962354,"Locomotion"
"Locomotion","Hardy",2023-05-19 02:16:56.640003,0.00589970501474926,0.994100294985251,0,0,"Locomotion"
"Locomotion","Hardy",2023-05-19 02:16:56.640003,0.00297326403521094,0.990029030294517,0.00102425434283841,0.00597345132743363,"Locomotion"
"Locomotion","Hardy",2023-05-19 02:16:56.640003,0.19824856738102,0.550986394183025,0.0633507626982067,0.187414275737748,"Locomotion"
"Locomotion","Hardy",2023-05-19 02:16:57.849602,0.170633620838541,0.1212362678091,0.181286040980921,0.526844070371438,"TreeMovement"
"Locomotion","Hardy",2023-05-19 02:16:59.836797,0.114302542850438,0.365087664929124,0.103216638317805,0.417393153902632,"TreeMovement"
"Locomotion","Hardy",2023-05-19 02:17:01.824002,0.12151127751119,0.15981385667799,0.148564830592123,0.570110035218697,"TreeMovement"
"Locomotion","Hardy",2023-05-19 02:17:03.811197,0.0796314923936709,0.628010722479749,0.038833538367996,0.253524246758584,"Locomotion"
"Locomotion","Hardy",2023-05-19 02:17:05.279998,0.0301201011378003,0.955190335721309,0.00501826099171232,0.00967130214917825,"Locomotion"
"Locomotion","Hardy",2023-05-19 02:17:05.279998,0.00589970501474926,0.99188790560472,0.00221238938053097,0,"Locomotion"
"Locomotion","Hardy",2023-05-19 02:17:05.279998,0.0108161258603736,0.987708947885939,0,0.00147492625368732,"Locomotion"
"Locomotion","Hardy",2023-05-19 02:17:05.279998,0,1,0,0,"Locomotion"
"Locomotion","Hardy",2023-05-19 02:17:05.279998,0.131430404995915,0.427202858786481,0.0787731242181322,0.362593611999471,"Locomotion"
"Locomotion","Hardy",2023-05-19 02:17:07.008002,0.128051278591448,0.25710984953418,0.132774552954119,0.482064318920253,"TreeMovement"
"Locomotion","Hardy",2023-05-19 02:17:08.995197,0.101602430341116,0.143129312271551,0.164904452534826,0.590363804852508,"TreeMovement"
"Locomotion","Hardy",2023-05-19 02:17:10.982402,0.171352253686899,0.123812225139659,0.182445020607341,0.522390500566101,"TreeMovement"
"Locomotion","Hardy",2023-05-19 02:17:13.315199,0.0710084409199453,0.881122114529194,0.0183084532642055,0.029560991286655,"Locomotion"
"Locomotion","Hardy",2023-05-19 02:17:13.920004,0.00412979351032448,0.982300884955752,0.00294985250737463,0.0106194690265487,"Locomotion"
"Locomotion","Hardy",2023-05-19 02:17:13.920004,0.0197347473896146,0.946564358290022,0.0127077773095472,0.0209931170108161,"Locomotion"
"TreeMovement","Hardy",2023-05-19 02:17:13.920004,0.139560881883503,0.570182546067502,0.0325103005121636,0.257746271536832,"Locomotion"
"TreeMovement","Hardy",2023-05-19 02:25:01.344002,0.0700497006238572,0.0383485813316335,0.052062892126787,0.839538825917722,"TreeMovement"
"TreeMovement","Hardy",2023-05-19 02:49:13.900799,0.108207804509064,0.00533475540697463,0.0323985578731551,0.854058882210807,"TreeMovement"
"TreeMovement","Hardy",2023-05-19 02:49:15.888004,0.234841595914646,0.0707219182266948,0.0569260204689437,0.637510465389716,"TreeMovement"
"TreeMovement","Hardy",2023-05-19 02:49:17.875199,0.0626453111213521,0.0214248414783562,0.0634283251232985,0.852501522276993,"TreeMovement"
"TreeMovement","Hardy",2023-05-19 02:49:28.329598,0.159598115751455,0.0519112188268688,0.0344893413430555,0.754001324078621,"TreeMovement"
"TreeMovement","Hardy",2023-05-19 02:49:30.230402,0.14906072091802,0.0229547398964281,0.0245916554775065,0.803392883708045,"TreeMovement"
"TreeMovement","Hardy",2023-05-19 02:49:32.217597,0.147812233664119,0.0194556380879258,0.021869883462296,0.810862244785659,"TreeMovement"
"TreeMovement","Hardy",2023-05-19 02:49:34.204803,0.0626766611347584,0.00244313741017439,0.00897794471550677,0.92590225673956,"TreeMovement"
"TreeMovement","Hardy",2023-05-19 05:42:21.599998,0.147201800952289,0.000926627900556617,0.0453734970497124,0.806498074097442,"TreeMovement"
"TreeMovement","Hardy",2023-05-19 05:42:23.587203,0.0588234597302344,0.0024679126538702,0.024832933768522,0.913875693847373,"TreeMovement"
"TreeMovement","Hardy",2023-05-19 05:42:25.487997,0.0704043491288517,0.00875631699950338,0.0384686055445336,0.882370728327111,"TreeMovement"
"TreeMovement","Hardy",2023-05-19 05:42:27.475202,0.119756255746491,0.0179195452881805,0.0316325442049338,0.830691654760395,"TreeMovement"
"TreeMovement","Hardy",2023-05-19 05:42:29.462397,0.102959225394873,0.00824158287435841,0.0169064076369685,0.8718927840938,"TreeMovement"
"TreeMovement","Hardy",2023-05-19 05:42:31.449602,0.118047667775134,0.00591222102877036,0.027888961320498,0.848151149875597,"TreeMovement"
"TreeMovement","Hardy",2023-05-19 05:42:33.436797,0.106373180237172,0.0015684527569937,0.0436179946575375,0.848440372348297,"TreeMovement"
"TreeMovement","Hardy",2023-05-19 05:42:35.424002,0.053616189697322,0.00459576949403175,0.0354788902066994,0.906309150601947,"TreeMovement"
"TreeMovement","Hardy",2023-05-19 05:42:37.411197,0.109526076228341,0.00018603450152934,0.06916303552475,0.82112485374538,"TreeMovement"
"TreeMovement","Hardy",2023-05-19 05:42:39.398402,0.046860950672896,0.000167546031408153,0.0380698166402687,0.914901686655427,"TreeMovement"
"TreeMovement","Hardy",2023-05-19 05:42:43.286402,0.0770079931369006,0.00564615815505157,0.0421985627944054,0.875147285913642,"TreeMovement"
"TreeMovement","Hardy",2023-05-19 05:42:45.187196,0.295234458921247,0.014783510688986,0.0611726518098326,0.628809378579934,"TreeMovement"
"TreeMovement","Hardy",2023-05-19 05:42:47.174401,0.0813448319580314,0.0483218254756539,0.0598404543119259,0.810492888254389,"TreeMovement"
"TreeMovement","Hardy",2023-05-19 05:43:18.364797,0.142534016513696,0.00455696165886972,0.0347527292818305,0.818156292545604,"TreeMovement"
"TreeMovement","Hardy",2023-05-19 05:43:20.956797,0.26960739159209,0.0265790404554984,0.0728485588989852,0.630965009053426,"TreeMovement"
"TreeMovement","Hardy",2023-05-19 05:43:22.944002,0.0938325057586018,0.00866859812896618,0.0132599829611248,0.884238913151307,"TreeMovement"
"TreeMovement","Hardy",2023-05-19 05:43:24.931197,0.0930461014490046,0.0197776157092227,0.0188091525352455,0.868367130306527,"TreeMovement"
"TreeMovement","Hardy",2023-05-19 05:43:26.918402,0.10137270689326,0.00889237926711268,0.0128672231190984,0.876867690720529,"TreeMovement"
"TreeMovement","Hardy",2023-05-19 05:43:28.819196,0.075489542511347,0.000807797940658143,0.0229233880760705,0.900779271471924,"TreeMovement"
"TreeMovement","Hardy",2023-05-19 05:43:30.806401,0.114003813644818,0.000771471104327728,0.0630914253178129,0.822133289933041,"TreeMovement"
"TreeMovement","Hardy",2023-05-19 21:03:04.636798,0.131594519708994,0.00136251145691871,0.0481670287327974,0.81887594010129,"TreeMovement"
"TreeMovement","Hardy",2023-05-19 21:03:06.624003,0.239831060926721,0.00553049326900645,0.034741526595822,0.719896919208451,"TreeMovement"
"TreeMovement","Hardy",2023-05-19 21:03:08.611198,0.118021373050038,0.00182508566873604,0.0393658250919833,0.840787716189243,"TreeMovement"
"TreeMovement","Hardy",2023-05-19 21:03:10.598403,0.18204826345907,0.0118494816672761,0.0292892327708142,0.776813022102839,"TreeMovement"
"TreeMovement","Hardy",2023-05-19 21:03:12.585598,0.14790098165557,0.00269917899734117,0.031311841332025,0.818087998015064,"TreeMovement"
"TreeMovement","Hardy",2023-05-19 21:03:14.572803,0.200408266576433,0.0142564685612166,0.035635095325105,0.749700169537245,"TreeMovement"
"TreeMovement","Hardy",2023-05-19 21:03:16.559998,0.139996299272628,0.00348889666824245,0.0441028771028307,0.812411926956299,"TreeMovement"
"TreeMovement","Hardy",2023-05-19 21:03:21.398405,0.197315392789622,0.0436448543125402,0.0269886806820091,0.732051072215829,"TreeMovement"
"TreeMovement","Hardy",2023-05-19 21:03:23.3856,0.229100897239133,0.00645802113805454,0.0460915222233237,0.718349559399489,"TreeMovement"
"TreeMovement","Hardy",2023-05-19 21:03:25.372805,0.37272699579947,0.145297169569014,0.0752403194145343,0.406735515216982,"TreeMovement"
"TreeMovement","Hardy",2023-05-19 21:03:27.273599,0.124982715457012,0.0419428605640134,0.127969019490083,0.705105404488892,"TreeMovement"
"TreeMovement","Hardy",2023-05-19 21:03:29.260804,0.203594618624705,0.00101620811072767,0.0658782528453169,0.72951092041925,"TreeMovement"
"TreeMovement","Hardy",2023-05-19 21:03:31.247999,0.254838428584406,0.0015615735399517,0.0603196780846447,0.683280319790997,"TreeMovement"
"TreeMovement","Hardy",2023-05-19 21:03:47.404802,0.14617962304509,0.00322029704932669,0.026841704373478,0.823758375532105,"TreeMovement"
"TreeMovement","Hardy",2023-05-19 21:03:49.391997,0.163684522009428,0.0807843565607288,0.0738860813000267,0.681645040129817,"TreeMovement"
"TreeMovement","Hardy",2023-05-19 21:03:51.379202,0.110404797965425,0.000250558174441325,0.0153808691322301,0.873963774727904,"TreeMovement"
"TreeMovement","Hardy",2023-05-19 21:03:53.279996,0.191836531775334,0.0584189915977394,0.0304470898782997,0.719297386748627,"TreeMovement"
"TreeMovement","Hardy",2023-05-19 21:03:55.267201,0.178474401638733,0.00627173889143773,0.0592825064203081,0.755971353049522,"TreeMovement"
"TreeMovement","Hardy",2023-05-19 21:03:57.254396,0.224967192483356,0.0290222487175316,0.0828290292656339,0.663181529533479,"TreeMovement"
"TreeMovement","Hardy",2023-05-19 21:03:59.241601,0.0694368098645396,0.0268483535626729,0.0519877717547198,0.851727064818068,"TreeMovement"
"TreeMovement","Hardy",2023-05-19 21:04:01.228796,0.201664278193577,0.0377539753001562,0.0606200452907732,0.699961701215493,"TreeMovement"
"TreeMovement","Hardy",2023-05-19 21:04:03.216001,0.291441295228026,0.0704416118602817,0.0815446203990177,0.556572472512675,"TreeMovement"
"TreeMovement","Hardy",2023-05-19 21:04:05.203196,0.117086366178193,0.0271414932848429,0.0279087563538341,0.82786338418313,"TreeMovement"
"TreeMovement","Hardy",2023-05-19 21:04:07.190401,0.108290495455677,0.00231832781384088,0.0249695065799256,0.864421670150556,"TreeMovement"
"TreeMovement","Hardy",2023-05-19 21:04:09.177596,0.192133142090932,0.000209568968733682,0.049889716459972,0.757767572480362,"TreeMovement"
"TreeMovement","Hardy",2023-05-19 21:04:11.078401,0.120659898044542,0.0116493798658145,0.0486164568931103,0.819074265196533,"TreeMovement"
"TreeMovement","Hardy",2023-05-19 21:04:13.065596,0.202276413341279,0.00675714836492049,0.0793870341394051,0.711579404154395,"TreeMovement"
"TreeMovement","Dwayne",2023-05-16 12:52:30.4896,0.121816936364382,0.0123285009546393,0.0570097537814983,0.80884480889948,"TreeMovement"
"TreeMovement","Dwayne",2023-05-16 12:52:32.476795,0.0528094840497142,0.0166477196471336,0.0486348899990448,0.881907906304108,"TreeMovement"
"TreeMovement","Dwayne",2023-05-16 12:52:34.464,0.0625520227802104,0.0362030753917223,0.0783712892192698,0.822873612608798,"TreeMovement"
"TreeMovement","Dwayne",2023-05-16 12:52:36.451195,0.100938153322615,0.0351944633400254,0.0559135346808051,0.807953848656555,"TreeMovement"
"TreeMovement","Dwayne",2023-05-16 12:52:39.907202,0.116979264366689,0.0343802062329039,0.0494978379173051,0.799142691483102,"TreeMovement"
"TreeMovement","Dwayne",2023-05-16 12:52:42.3264,0.442298888574697,0.00599974261682281,0.0305801448878713,0.521121223920609,"TreeMovement"
"TreeMovement","Dwayne",2023-05-16 12:52:44.313595,0.290110254157598,0.0217913596438714,0.0885691596227827,0.599529226575748,"TreeMovement"
"TreeMovement","Dwayne",2023-05-16 12:52:46.3008,0.247283497473728,0.0125046490572907,0.0434328327813988,0.696779020687582,"TreeMovement"
"TreeMovement","Dwayne",2023-05-16 12:52:48.287995,0.266291443697947,0.00847959099613099,0.0470716307916592,0.678157334514262,"TreeMovement"
"TreeMovement","Dwayne",2023-05-16 12:52:50.2752,0.307664145215517,0.0132663154700868,0.0409371579733504,0.638132381341046,"TreeMovement"
"TreeMovement","Dwayne",2023-05-16 12:52:53.817597,0.110914778029592,0.00696398801501112,0.0386170009255607,0.843504233029836,"TreeMovement"
"TreeMovement","Dwayne",2023-05-16 12:52:55.804802,0.0575824263737055,0.00413749519422769,0.0251280657472112,0.913152012684856,"TreeMovement"
"TreeMovement","Dwayne",2023-05-16 12:52:57.791997,0.0885752517011543,0.00248529751951362,0.0160877422827423,0.89285170849659,"TreeMovement"
"TreeMovement","Dwayne",2023-05-16 12:52:59.779202,0.289422352593353,0.0244253203085127,0.0571509902361214,0.629001336862013,"TreeMovement"
"TreeMovement","Dwayne",2023-05-16 12:53:01.766397,0.0964348577058141,0.00519992795648403,0.034724781518675,0.863640432819027,"TreeMovement"
"TreeMovement","Dwayne",2023-05-16 12:53:03.753602,0.158605541299158,0.000151044783723454,0.0625771896522168,0.778666224264901,"TreeMovement"
"Stationary","Dwayne",2023-05-16 12:53:05.740797,0.18841624617977,0.00120791374224392,0.48720326255937,0.323172577518616,"Stationary"
"Stationary","Dwayne",2023-05-16 12:53:07.641602,0.261716002337371,0.00106430250175332,0.386777306879865,0.35044238828101,"Stationary"
"Stationary","Dwayne",2023-05-16 12:53:09.628797,0.303314440390534,0.00283124001694652,0.309178329366651,0.384675990225868,"TreeMovement"
"TreeMovement","Dwayne",2023-05-16 12:53:11.616002,0.151842641396031,0.0148270006591048,0.0342417790540287,0.799088578890836,"TreeMovement"
"TreeMovement","Dwayne",2023-05-16 12:53:13.603197,0.0638109415034204,0.000265464098755832,0.0266719617526028,0.90925163264522,"TreeMovement"
"TreeMovement","Dwayne",2023-05-16 12:53:15.590402,0.107505859862211,0.00282715477679668,0.0407595047115763,0.848907480649415,"TreeMovement"
"TreeMovement","Dwayne",2023-05-16 12:53:17.577597,0.198392132799482,0.00814322317024923,0.0954523234827635,0.698012320547506,"TreeMovement"
"TreeMovement","Dwayne",2023-05-16 12:53:19.564802,0.159165925341515,0.026976310554672,0.12062228523988,0.693235478863933,"TreeMovement"
"TreeMovement","Dwayne",2023-05-16 12:53:21.984,0.0655155696828374,0.0045383254684746,0.0173850523431509,0.912561052505537,"TreeMovement"
"TreeMovement","Dwayne",2023-05-16 12:53:23.971195,0.140664719907796,0.00120326173543552,0.0456527531710193,0.812479265185749,"TreeMovement"
"TreeMovement","Dwayne",2023-05-16 12:53:25.9584,0.0891829342372517,0.00207788752088276,0.0391789278587778,0.869560250383087,"TreeMovement"
"TreeMovement","Dwayne",2023-05-16 12:53:27.945595,0.130532359495731,0.000623525418408092,0.0539736284754639,0.814870486610397,"TreeMovement"
"TreeMovement","Dwayne",2023-05-16 12:53:29.9328,0.110183174817096,0.000120146090731409,0.0418666535075267,0.847830025584646,"TreeMovement"
"TreeMovement","Dwayne",2023-05-16 12:53:31.919995,0.18356826903983,0.00173069105172214,0.067798120878825,0.746902919029623,"TreeMovement"
"TreeMovement","Dwayne",2023-05-16 12:53:33.907201,0.372875573532861,0.000763778428092829,0.105190411302179,0.521170236736868,"TreeMovement"
"TreeMovement","Dwayne",2023-05-16 12:53:35.808005,0.768715847417469,0.00423329710707447,0.0789951334200182,0.148055722055439,"Foraging"
"TreeMovement","Dwayne",2023-05-16 12:53:37.7952,0.368281614010449,0.000212533520476783,0.0877451552408463,0.543760697228228,"TreeMovement"
"TreeMovement","Dwayne",2023-05-16 12:53:39.782405,0.270371449648571,0.00125577939929215,0.0481396481965412,0.680233122755596,"TreeMovement"
"TreeMovement","Dwayne",2023-05-16 12:53:41.7696,0.181613626260376,0.000471931734106271,0.0327853898608712,0.785129052144646,"TreeMovement"
"TreeMovement","Dwayne",2023-05-16 12:53:43.756795,0.503673178548928,0.00249362499013174,0.101614984176734,0.392218212284206,"Foraging"
"TreeMovement","Dwayne",2023-05-16 12:53:45.744,0.204234546777058,0.00065449593147993,0.101071352179414,0.694039605112049,"TreeMovement"
"Stationary","Dwayne",2023-05-16 12:53:47.990397,0.674308576088974,0.000491642084562438,0.12574669087141,0.199453090955053,"Foraging"
"Stationary","Dwayne",2023-05-16 12:53:49.891201,0.149761008541051,0.00014551797541509,0.134961887030272,0.715131586453262,"TreeMovement"
"Stationary","Dwayne",2023-05-16 12:53:51.878397,0.225044648901106,0.00178757529189409,0.192299909295772,0.580867866511228,"TreeMovement"
"Stationary","Dwayne",2023-05-16 12:53:53.865602,0.181092874889439,7.76276975624903e-05,0.275804554084523,0.543024943328475,"TreeMovement"
"Stationary","Dwayne",2023-05-16 12:53:55.852797,0.213688053316704,0.0107669616519174,0.291198713513836,0.484346271517542,"TreeMovement"
"Stationary","Dwayne",2023-05-16 12:53:57.840002,0.273749714724822,0.000916809876384584,0.240991219149564,0.48434225624923,"TreeMovement"
"Stationary","Dwayne",2023-05-16 12:53:59.827197,0.216986117579946,0.00674372355396711,0.297285376154027,0.478984782712059,"TreeMovement"
"Stationary","Dwayne",2023-05-16 12:54:01.814402,0.249954733285442,5.17517983749935e-05,0.292371205801785,0.457622309114398,"TreeMovement"
"Stationary","Dwayne",2023-05-16 12:54:03.715196,0.149825242573458,0.00133077934177189,0.125821786284559,0.723022191800211,"TreeMovement"
"Stationary","Dwayne",2023-05-16 12:54:05.702401,0.142863502591358,0.000176485247751235,0.0971242454538532,0.759835766707038,"TreeMovement"
"Stationary","Dwayne",2023-05-16 12:54:07.689596,0.401995675595044,0.00149573173376743,0.0897222406870935,0.506786351984094,"TreeMovement"
"Stationary","Dwayne",2023-05-16 12:54:09.676801,0.215036542815583,0.000723847780079039,0.17282729615905,0.611412313245288,"TreeMovement"
"Stationary","Dwayne",2023-05-16 12:54:11.663996,0.222413128278416,0.0115945591609308,0.457139796375845,0.308852516184809,"Stationary"
"Stationary","Dwayne",2023-05-16 12:54:13.651201,0.20035833680024,0.00294985250737463,0.499579469745974,0.297112340946411,"Stationary"
"Stationary","Dwayne",2023-05-16 12:54:15.638396,0.212674895316614,0.00374806451248319,0.373265593317689,0.410311446853214,"TreeMovement"
"Stationary","Dwayne",2023-05-16 12:54:17.539201,0.182612311511409,0.0077510239831729,0.33275939090827,0.476877273597148,"TreeMovement"
"Stationary","Dwayne",2023-05-16 12:54:19.526396,0.264571751736614,0.000393267569301776,0.118780053036369,0.616254927657715,"TreeMovement"
"Stationary","Dwayne",2023-05-16 12:54:21.513601,0.193682894010072,0.000202590137197028,0.115310157639779,0.690804358212953,"TreeMovement"
"Stationary","Dwayne",2023-05-16 12:54:23.500796,0.414784711374468,0.00176062625440157,0.1097373134946,0.473717348876531,"TreeMovement"
"Stationary","Dwayne",2023-05-16 12:54:25.488001,0.598885378826694,0.00580259801265856,0.0921279058981518,0.303184117262496,"Foraging"
"Stationary","Dwayne",2023-05-16 12:54:27.475196,0.189844183948011,0.000206820225830194,0.121439250910301,0.688509744915858,"TreeMovement"
"Stationary","Dwayne",2023-05-16 12:54:29.462401,0.230289093383581,0.000228466036384525,0.0790628413805605,0.690419599199474,"TreeMovement"
"Stationary","Dwayne",2023-05-16 12:54:31.363195,0.221524252168932,0.00529461745271236,0.240583621312941,0.532597509065415,"TreeMovement"
"Stationary","Dwayne",2023-05-16 12:54:33.3504,0.147896595246884,0.000159584568979417,0.210327580157426,0.64161624002671,"TreeMovement"
"Stationary","Dwayne",2023-05-16 12:54:35.337595,0.154656918725294,0.00276588626312132,0.371263907279191,0.471313287732393,"TreeMovement"
"Stationary","Dwayne",2023-05-16 12:54:37.3248,0.14482743000979,0.000589970501474926,0.527982481754351,0.326600117734384,"Stationary"
"Stationary","Dwayne",2023-05-16 12:54:39.311996,0.157815420403859,0.00366074458603239,0.428851661934616,0.409672173075493,"Stationary"
"Stationary","Dwayne",2023-05-16 12:54:41.299201,0.29997757568531,0.025506859577656,0.389319025957015,0.28519653878002,"Stationary"
"Stationary","Dwayne",2023-05-16 12:54:43.286396,0.251295974561114,0.0136020976728941,0.364213202177638,0.370888725588354,"TreeMovement"
"Stationary","Dwayne",2023-05-16 12:54:45.1872,0.223125000984013,0.00179601639387057,0.340664665818198,0.434414316803919,"TreeMovement"
"Stationary","Dwayne",2023-05-16 12:54:47.174395,0.1979306978215,0.00162373043067982,0.507114587059151,0.29333098468867,"Stationary"
"Stationary","Dwayne",2023-05-16 12:54:49.1616,0.226359380843234,0.00229432972795805,0.463525863716637,0.307820425712171,"Stationary"
"Stationary","Dwayne",2023-05-16 12:54:51.148795,0.233048888381776,0,0.477166785913792,0.289784325704432,"Stationary"
"Stationary","Dwayne",2023-05-16 12:54:53.136,0.170626577200089,0,0.500667331310242,0.328706091489669,"Stationary"
"Stationary","Dwayne",2023-05-16 12:54:55.123195,0.397741968886428,0.00513932323433954,0.166850914286675,0.430267793592557,"TreeMovement"
"Stationary","Dwayne",2023-05-16 12:54:57.1104,0.241837286241547,0.000126748048562484,0.22084804518279,0.5371879205271,"TreeMovement"
"Stationary","Dwayne",2023-05-16 12:54:59.097595,0.175285725908646,0.000183305960811683,0.176200872200516,0.648330095930027,"TreeMovement"
"Stationary","Dwayne",2023-05-16 12:55:00.9984,0.133098057840345,0.00100959159789027,0.208166371169086,0.657725979392679,"TreeMovement"
"Stationary","Dwayne",2023-05-16 12:55:02.985605,0.274329304717679,0.000219119009757561,0.073727655244129,0.651723921028435,"TreeMovement"
"Stationary","Dwayne",2023-05-16 12:55:04.9728,0.17314341326267,0.00326549669336176,0.135625828371635,0.687965261672334,"TreeMovement"
"Stationary","Dwayne",2023-05-16 12:55:06.960005,0.302220771588681,0.00795644201850547,0.281603445888165,0.408219340504649,"TreeMovement"
"Stationary","Dwayne",2023-05-16 12:55:08.9472,0.109146129090393,0.00297138427750145,0.456313047435056,0.431569439197049,"Stationary"
"Stationary","Dwayne",2023-05-16 12:55:10.934405,0.186392259427656,0.0159438220287003,0.454768963506277,0.342894955037367,"Stationary"
"Stationary","Dwayne",2023-05-16 12:55:12.9216,0.148667583286103,2.15317701268221e-05,0.387248168436244,0.464062716507526,"TreeMovement"
"Stationary","Dwayne",2023-05-16 12:55:14.822404,0.158624339569673,0.00888875307972002,0.289630580204785,0.542856327145822,"TreeMovement"
"Stationary","Dwayne",2023-05-16 12:55:16.809599,0.173565342602065,0.00604909097282186,0.317191440762495,0.503194125662618,"TreeMovement"
"Stationary","Dwayne",2023-05-16 12:55:18.796804,0.193083930518868,0.000150838338822034,0.189751956112335,0.617013275029975,"TreeMovement"
"Stationary","Dwayne",2023-05-16 12:55:20.783999,0.199056624669206,0.0076520727973996,0.223586040587388,0.569705261946007,"TreeMovement"
"Stationary","Dwayne",2023-05-16 12:55:22.771205,0.154430041322392,0.000170516725477587,0.154850556178382,0.690548885773749,"TreeMovement"
"Stationary","Dwayne",2023-05-16 12:55:24.7584,0.162649546077993,0.000184926349727719,0.24403191943743,0.593133608134849,"TreeMovement"
"Stationary","Dwayne",2023-05-16 12:55:26.659204,0.230326358877437,0.016639867520006,0.347853042008268,0.405180731594289,"TreeMovement"
"Stationary","Dwayne",2023-05-16 12:55:28.646399,0.38887506165965,0.0420187266434279,0.270498365494491,0.298607846202431,"Foraging"
"Stationary","Dwayne",2023-05-16 12:55:30.633604,0.22935729010234,0.00911691033453194,0.410193955699672,0.351331843863455,"Stationary"
"Stationary","Angelina",2023-05-16 13:01:13.814402,0.256601199536707,0.000487633947382099,0.0583965521146898,0.68451461440122,"TreeMovement"
"Stationary","Angelina",2023-05-16 13:01:15.801597,0.300022880682444,0.000256454886154291,0.0654865963459314,0.63423406808547,"TreeMovement"
"Stationary","Angelina",2023-05-16 13:01:17.788802,0.105151052384788,0.0812383260942383,0.143986738186197,0.669623883334777,"TreeMovement"
"TreeMovement","Angelina",2023-05-16 13:01:24.873596,0.125773554109104,0.0362433862433862,0.0249050757225211,0.813077983924989,"TreeMovement"
"TreeMovement","Angelina",2023-05-16 13:01:26.860801,0.0985870290677969,0.000288128488728077,0.0269302632263811,0.874194579217094,"TreeMovement"
"Stationary","Angelina",2023-05-16 13:01:28.847996,0.20845777561544,0.000716400965967419,0.0927468755294523,0.69807894788914,"TreeMovement"
"Stationary","Angelina",2023-05-16 13:01:30.835201,0.283593099129913,0.000751933143446098,0.139336732615383,0.576318235111257,"TreeMovement"
"Stationary","Angelina",2023-05-16 13:01:33.3408,0.28266509802228,0.00057518836348456,0.0935419282404676,0.623217785373767,"TreeMovement"
"Stationary","Angelina",2023-05-16 13:01:35.327995,0.239712869894879,4.67332286582032e-05,0.206365590333764,0.553874806542699,"TreeMovement"
"Stationary","Angelina",2023-05-16 13:01:37.3152,0.224569116655466,0.000180947132677629,0.25438788582275,0.520862050389106,"TreeMovement"
"Stationary","Angelina",2023-05-16 13:01:39.302395,0.203329860753736,0.0296542379551625,0.167256804386471,0.59975909690463,"TreeMovement"
"TreeMovement","Angelina",2023-05-16 13:01:41.376001,0.0961814453077265,0.0185817296436765,0.0448349631903813,0.840401861858216,"TreeMovement"
"TreeMovement","Angelina",2023-05-16 13:01:43.363196,0.0532649163820018,0.048958564616572,0.0213514882087985,0.876425030792628,"TreeMovement"
"TreeMovement","Angelina",2023-05-16 13:01:45.350401,0.103348606818212,0.0575831099816547,0.042388991289676,0.796679291910457,"TreeMovement"
"TreeMovement","Angelina",2023-05-16 13:01:47.423996,0.0593369403791514,0.00191465559437226,0.0253927435432283,0.913355660483248,"TreeMovement"
"Stationary","Angelina",2023-05-16 13:01:49.843205,0.309385571629202,0.000208893041426567,0.132363110295403,0.558042425033968,"TreeMovement"
"Stationary","Angelina",2023-05-16 13:01:51.8304,0.213866711394244,0.0007715136940001,0.337019947943008,0.448341826968747,"TreeMovement"
"Stationary","Angelina",2023-05-16 13:01:53.817605,0.556992477803352,0.00652593888524197,0.151766068608415,0.28471551470299,"Foraging"
"Stationary","Angelina",2023-05-16 13:01:55.8048,0.293051535095079,0.0029658562810227,0.130785517867943,0.573197090755955,"TreeMovement"
"Stationary","Angelina",2023-05-16 13:01:57.791995,0.323141952570276,0.00150715258323522,0.141096402572866,0.534254492273622,"TreeMovement"
"Stationary","Angelina",2023-05-16 13:01:59.7792,0.204979466706524,0.00290724618120902,0.145475810413162,0.646637476699105,"TreeMovement"
"Stationary","Angelina",2023-05-16 13:02:01.766395,0.295183380489634,0.000576515714217467,0.144405340049943,0.559834763746206,"TreeMovement"
"Stationary","Angelina",2023-05-16 13:02:03.7536,0.20467729494973,0.000113397079475903,0.15291464358299,0.642294664387804,"TreeMovement"
"Stationary","Angelina",2023-05-16 13:02:05.740795,0.298254926734605,0.000281616160654304,0.169352477112011,0.53211097999273,"TreeMovement"
"Stationary","Angelina",2023-05-16 13:02:07.728,0.262440262562786,0.000681743775858752,0.159512652274555,0.5773653413868,"TreeMovement"
"TreeMovement","Angelina",2023-05-16 13:02:09.110401,0.153839751702296,0.204618292686264,0.132974990889952,0.508566964721489,"TreeMovement"
"TreeMovement","Angelina",2023-05-16 13:02:11.529599,0.130643696680563,0.106564636178414,0.0245968390166104,0.738194828124413,"TreeMovement"
"TreeMovement","Angelina",2023-05-16 13:02:13.516804,0.0736703547809803,0.00256480823870953,0.0233976205170512,0.900367216463259,"TreeMovement"
"TreeMovement","Angelina",2023-05-16 13:02:15.503999,0.248417666502502,0.0528653753804482,0.0436982893597405,0.655018668757309,"TreeMovement"
"TreeMovement","Angelina",2023-05-16 13:02:17.491204,0.145852629302879,0.308801788878837,0.0485594109866443,0.49678617083164,"TreeMovement"
"TreeMovement","Angelina",2023-05-16 13:02:19.5648,0.199084062253665,0.0210324925900058,0.121764963737462,0.658118481418867,"TreeMovement"
"Stationary","Angelina",2023-05-16 13:02:21.552005,0.14080033048596,0.109495715690406,0.186549455566739,0.563154498256895,"TreeMovement"
"TreeMovement","Angelina",2023-05-16 13:02:23.712001,0.11605008773199,0.0480503986605695,0.02081847012624,0.815081043481201,"TreeMovement"
"TreeMovement","Angelina",2023-05-16 13:02:25.699196,0.152492727099851,0.0552985826223899,0.0849664636568196,0.707242226620939,"TreeMovement"
"TreeMovement","Angelina",2023-05-16 13:02:27.686401,0.233151954016418,0.288291588341273,0.218572196846657,0.259984260795651,"Locomotion"
"TreeMovement","Angelina",2023-05-16 13:02:29.673596,0.228128160968325,0.0146809474279031,0.210650404527589,0.546540487076183,"TreeMovement"
"TreeMovement","Angelina",2023-05-16 13:02:31.660801,0.249519766927513,0.000854629978941167,0.0763845808070082,0.673241022286538,"TreeMovement"
"TreeMovement","Angelina",2023-05-16 13:02:33.647996,0.122386090704199,0.00820141040988406,0.210328235044371,0.659084263841546,"TreeMovement"
"Stationary","Angelina",2023-05-16 13:02:35.635201,0.167013634802949,0.00228772936950781,0.367657037763269,0.463041598064275,"TreeMovement"
"Stationary","Angelina",2023-05-16 13:02:37.622396,0.231286979174784,0.00558203677672704,0.402762911906481,0.360368072142009,"Stationary"
"Stationary","Angelina",2023-05-16 13:02:39.609602,0.173228390138134,0.00109959433181525,0.383556970739471,0.44211504479058,"TreeMovement"
"Stationary","Angelina",2023-05-16 13:02:41.596797,0.183020789828951,0.00208552509437465,0.39249107236495,0.422402612711725,"TreeMovement"
"Stationary","Angelina",2023-05-16 13:02:43.584002,0.23979754049839,0.00161810622919146,0.363342483076303,0.395241870196116,"TreeMovement"
"TreeMovement","Angelina",2023-05-16 13:02:45.571197,0.207571060461699,0.0175919310804135,0.0577408410296661,0.717096167428222,"TreeMovement"
"TreeMovement","Angelina",2023-05-16 13:02:48.422398,0.124289667243119,0.00441336316957323,0.0392500435541833,0.832046926033125,"TreeMovement"
"TreeMovement","Angelina",2023-05-16 13:02:50.409603,0.163897929510009,0.271374945323788,0.200446194864417,0.364280930301786,"TreeMovement"
"TreeMovement","Angelina",2023-05-16 13:02:52.396798,0.120480484700054,0.236536611610268,0.0687528480286893,0.57423005566099,"TreeMovement"
"TreeMovement","Angelina",2023-05-16 13:02:54.384003,0.11257319525282,0.00545231120676223,0.0544443448453837,0.827530148695034,"TreeMovement"
"TreeMovement","Angelina",2023-05-16 13:02:56.371198,0.262559294361512,0.10139681381893,0.122297097998053,0.513746793821504,"TreeMovement"
"TreeMovement","Angelina",2023-05-16 13:02:58.358404,0.0838827936098979,0.154521730537249,0.0596165800950119,0.701978895757841,"TreeMovement"
"TreeMovement","Angelina",2023-05-16 13:03:00.259198,0.157457887398056,0.00466550603637031,0.0965553957086685,0.741321210856905,"TreeMovement"
"TreeMovement","Angelina",2023-05-16 13:03:01.209595,0.138559823432378,0.00696528934613175,0.057634612657698,0.796840274563793,"TreeMovement"
"TreeMovement","Angelina",2023-05-16 13:03:02.160002,0.153835269679269,0.045202250738467,0.144700745555162,0.656261734027102,"TreeMovement"
"TreeMovement","Angelina",2023-05-16 13:03:03.1968,0.117961218639514,0.150077088701379,0.106875672008473,0.625086020650635,"TreeMovement"
"TreeMovement","Angelina",2023-05-16 13:03:04.233598,0.175798630077211,0.04038545108396,0.158322609544461,0.625493309294369,"TreeMovement"
"Stationary","Angelina",2023-05-16 13:03:05.183995,0.267198526391572,0.00779044795687247,0.371335682986633,0.353675342664923,"Stationary"
"Stationary","Angelina",2023-05-16 13:03:06.220803,0.23188173941446,0.00136594155513899,0.307919699458319,0.458832619572083,"TreeMovement"
"Stationary","Angelina",2023-05-16 13:03:07.1712,0.228434908769115,0.00635388865477361,0.41342808781204,0.351783114764072,"Stationary"
"Stationary","Angelina",2023-05-16 13:03:08.207998,0.163674228359216,0.00173399452925819,0.403026746023105,0.431565031088422,"TreeMovement"
"Stationary","Angelina",2023-05-16 13:03:09.7632,0.168285862259798,0.00538671313918548,0.453388491453256,0.37293893314776,"Stationary"
"Stationary","Angelina",2023-05-16 13:03:11.750405,0.20111749365823,0.00405588887580095,0.335024513275353,0.459802104190616,"TreeMovement"
"Stationary","Angelina",2023-05-16 13:03:13.7376,0.239422359030383,0.00169593673065558,0.281193046234488,0.477688658004474,"TreeMovement"
"Stationary","Angelina",2023-05-16 13:03:15.724795,0.134130470130248,0.0010048159392517,0.510036165925429,0.354828548005071,"Stationary"
"Stationary","Angelina",2023-05-16 13:03:17.712,0.182832705140205,0.00372539229746197,0.44239453773488,0.371047364827453,"Stationary"
"Stationary","Angelina",2023-05-16 13:03:19.699195,0.158190013952458,0.000801611291172719,0.45062559563967,0.390382779116699,"Stationary"
"Stationary","Angelina",2023-05-16 13:03:21.6864,0.162821187867435,0.00146830701164516,0.328416788635572,0.507293716485348,"TreeMovement"
"Stationary","Angelina",2023-05-16 13:03:23.673595,0.200572176073743,0.000470292293561097,0.488316819209007,0.310640712423689,"Stationary"
"Stationary","Angelina",2023-05-16 13:03:25.6608,0.2683137876452,0.00953480610641001,0.382189284417807,0.339962121830582,"Stationary"
"Stationary","Angelina",2023-05-16 13:03:27.561605,0.126505355005837,0.00138025171291756,0.391620010623583,0.480494382657662,"TreeMovement"
"Stationary","Angelina",2023-05-16 13:03:29.5488,0.160220127652559,0.000663558492320124,0.386444841537415,0.452671472317706,"TreeMovement"
"Stationary","Angelina",2023-05-16 13:03:31.622395,0.161489526880844,0.00148534034710416,0.508578566943956,0.328446565828096,"Stationary"
"Stationary","Angelina",2023-05-16 13:03:33.5232,0.186958211208237,0.00486725663716814,0.401540876192681,0.406633655961914,"TreeMovement"
"Stationary","Angelina",2023-05-16 13:03:35.510405,0.164474209086633,0.00204850868567683,0.536792580886726,0.296684701340964,"Stationary"
"Stationary","Angelina",2023-05-16 13:03:37.4976,0.151195427215434,0.000632130610814158,0.443100587166196,0.405071855007556,"Stationary"
"Stationary","Angelina",2023-05-16 13:03:39.484805,0.134679388810131,8.31770512277314e-05,0.250697531312265,0.614539902826376,"TreeMovement"
"Stationary","Angelina",2023-05-16 13:03:41.472,0.219542284152323,0.00666526197499649,0.284306799140574,0.489485654732106,"TreeMovement"
"Stationary","Angelina",2023-05-16 13:03:43.459205,0.249379833657251,0.000402054912644395,0.246645179548342,0.503572931881763,"TreeMovement"
"Stationary","Angelina",2023-05-16 13:03:45.4464,0.199963731788948,0.00379997239640789,0.357176863707865,0.43905943210678,"TreeMovement"
"Stationary","Angelina",2023-05-16 13:03:47.433595,0.155046947311538,0.0024585240375619,0.251898148270153,0.590596380380747,"TreeMovement"
"Stationary","Angelina",2023-05-16 13:03:49.4208,0.212392829556037,0.00430889169827223,0.440545577230245,0.342752701515446,"Stationary"
"Stationary","Angelina",2023-05-16 13:03:51.407995,0.202745410897745,0.00633003509109704,0.597102184187839,0.193822369823319,"Stationary"
"Stationary","Angelina",2023-05-16 13:03:53.3952,0.287986365893697,0.00358573755747181,0.424698018451777,0.283729878097054,"Stationary"
"Stationary","Angelina",2023-05-16 13:03:55.382395,0.252442017443959,0.000327761389708292,0.576309608679772,0.17092061248656,"Stationary"
"Stationary","Angelina",2023-05-16 13:03:57.3696,0.154650789034765,0.00400904417546869,0.539125971323046,0.30221419546672,"Stationary"
"Stationary","Angelina",2023-05-16 13:03:59.356795,0.163427821913064,0.000811156021828324,0.51332018320129,0.322440838863818,"Stationary"
"Stationary","Murray",2023-05-17 12:24:26.208,0.246678744357805,0.0042489815663657,0.116539690254772,0.632532583821058,"TreeMovement"
"Stationary","Murray",2023-05-17 12:24:28.195205,0.269864543634608,0.00192146306922069,0.149417127814341,0.57879686548183,"TreeMovement"
"Stationary","Murray",2023-05-17 12:24:30.1824,0.14925475133308,0.00193696124996669,0.113288416761933,0.73551987065502,"TreeMovement"
"TreeMovement","Murray",2023-05-17 12:24:33.206403,0.117553374355611,0.063417524208275,0.0563954444195518,0.762633657016562,"TreeMovement"
"TreeMovement","Murray",2023-05-17 12:24:42.1056,0.156312056108533,0.0552906680062822,0.0366081263447544,0.751789149540431,"TreeMovement"
"TreeMovement","Murray",2023-05-17 12:24:44.092795,0.155067724627087,0.0657850459528536,0.0197840174975468,0.759363211922512,"TreeMovement"
"TreeMovement","Murray",2023-05-17 12:24:46.425603,0.760199480788051,0.0405593148311595,0.0446026485330616,0.154638555847728,"Foraging"
"TreeMovement","Murray",2023-05-17 12:24:48.412798,0.13648336451186,0.0547788383427184,0.0326640133986487,0.776073783746773,"TreeMovement"
"TreeMovement","Murray",2023-05-17 12:24:51.696003,0.219701111081434,0.0271146130035379,0.0332133461703182,0.71997092974471,"TreeMovement"
"TreeMovement","Murray",2023-05-17 12:24:53.769598,0.067754831195281,0.00424540890682516,0.0419161608807376,0.886083599017156,"TreeMovement"
"TreeMovement","Murray",2023-05-17 12:24:55.756804,0.0493084273674912,0.00937362028958166,0.0205645228838677,0.920753429459059,"TreeMovement"
"Stationary","Murray",2023-05-17 12:24:57.9168,0.358363728896393,0.021967698198941,0.0792940366557737,0.540374536248892,"TreeMovement"
"Stationary","Murray",2023-05-17 12:24:59.904005,0.396400942011267,0.00404912888088131,0.055163718963816,0.544386210144036,"TreeMovement"
"Stationary","Murray",2023-05-17 12:25:01.977601,0.290518150999719,0.00128699297054132,0.0685312600874588,0.639663595942282,"TreeMovement"
"TreeMovement","Murray",2023-05-17 12:25:03.964796,0.120770591414902,0.00039110152717612,0.065143323693136,0.813694983364785,"TreeMovement"
"TreeMovement","Murray",2023-05-17 12:25:08.544,0.0929246822980723,0.00842434644520354,0.0255215864158281,0.873129384840896,"TreeMovement"
"TreeMovement","Murray",2023-05-17 12:25:10.531195,0.27314902679148,0.0446295843684045,0.0654337207866189,0.616787668053497,"TreeMovement"
"TreeMovement","Murray",2023-05-17 12:25:12.604801,0.0772057874278606,0.00204588710284756,0.0364408285190711,0.884307496950221,"TreeMovement"
"Stationary","Murray",2023-05-17 12:25:14.591996,0.368048217580763,0.00324483775811209,0.0997368368772793,0.528970107783846,"TreeMovement"
"Stationary","Murray",2023-05-17 12:25:16.665602,0.555607668559043,0.0158859986293615,0.0656390320709546,0.362867300740641,"Foraging"
"Stationary","Murray",2023-05-17 12:25:18.652797,0.32914732040172,0.00638442749275461,0.13797803233138,0.526490219774145,"TreeMovement"
"TreeMovement","Murray",2023-05-17 12:25:20.640002,0.177926919590677,0.00924247220663405,0.0535428760509937,0.759287732151695,"TreeMovement"
"TreeMovement","Murray",2023-05-17 12:25:22.886399,0.301641935051803,0.0155084381230267,0.107114454031169,0.575735172794002,"TreeMovement"
"Stationary","Murray",2023-05-17 12:25:24.873604,0.720418130863098,0.00173820204453288,0.0333794574271549,0.244464209665215,"Foraging"
"Stationary","Murray",2023-05-17 12:25:26.9472,0.299443354689556,0.0535221795639357,0.0976796872452914,0.549354778501217,"TreeMovement"
"TreeMovement","Murray",2023-05-17 12:25:29.020795,0.081913569997973,0.000455876692634522,0.0283670885761149,0.889263464733278,"TreeMovement"
"Stationary","Murray",2023-05-17 12:25:31.008,0.116166249720004,0.00930541260924317,0.0676322395776959,0.806896098093057,"TreeMovement"
"Stationary","Murray",2023-05-17 12:25:33.167997,0.293148570890757,0.00930298117070357,0.171450975264088,0.526097472674451,"TreeMovement"
"Stationary","Murray",2023-05-17 12:25:35.155202,0.32068625414737,0.011083490785204,0.315578352796503,0.352651902270923,"TreeMovement"
"Stationary","Murray",2023-05-17 12:25:37.142397,0.276504523643841,0.000150986711107025,0.285089469016091,0.43825502062896,"TreeMovement"
"Stationary","Murray",2023-05-17 12:25:39.216002,0.135972875477881,0.00713771413866823,0.118336638874245,0.738552771509206,"TreeMovement"
"TreeMovement","Murray",2023-05-17 12:25:42.8448,0.0719632612801832,0.000225461302806762,0.0561063410847133,0.871704936332297,"TreeMovement"
"Stationary","Murray",2023-05-17 12:25:44.918396,0.348751728432358,0.00481195895866381,0.113409207513092,0.533027105095886,"TreeMovement"
"Stationary","Murray",2023-05-17 12:25:46.992001,0.478921421516481,0.00462419984757121,0.0876887396749112,0.428765638961037,"Foraging"
"Stationary","Murray",2023-05-17 12:25:48.979196,0.656560079299374,0.00522545301306363,0.10134928982901,0.236865177858553,"Foraging"
"Stationary","Murray",2023-05-17 12:25:51.139203,0.913777219717621,1.74547485643469e-05,0.00525994491303826,0.0809453806207767,"Foraging"
"Stationary","Murray",2023-05-17 12:25:53.126398,0.824889080070728,0.00178736625298913,0.070676269699914,0.102647283976369,"Foraging"
"Stationary","Murray",2023-05-17 12:25:55.200003,0.388723776523642,0.0115063238957044,0.0629165065035145,0.536853393077139,"TreeMovement"
"Stationary","Murray",2023-05-17 12:25:57.187198,0.424780575983235,0.00109685676013365,0.0665235098666857,0.507599057389945,"TreeMovement"
"TreeMovement","Murray",2023-05-17 12:25:59.606397,0.0951594163555139,0.00364678248903038,0.0119146899045056,0.88927911125095,"TreeMovement"
"TreeMovement","Murray",2023-05-17 12:26:01.593602,0.121111183883363,0.000526258831967837,0.033511631752856,0.844850925531814,"TreeMovement"
"TreeMovement","Murray",2023-05-17 12:26:03.667197,0.0392904794746248,0.000164759424554572,0.0222496602276552,0.938295100873165,"TreeMovement"
"TreeMovement","Murray",2023-05-17 12:26:05.654402,0.0775023136106122,0.00600816797879054,0.024417830627141,0.892071687783456,"TreeMovement"
"TreeMovement","Murray",2023-05-17 12:26:07.641598,0.0555601810370678,0.00112302802227417,0.0397768420240842,0.903539948916574,"TreeMovement"
"TreeMovement","Murray",2023-05-17 12:26:09.715203,0.0993192401185581,0.0108840630642122,0.0414394152979601,0.848357281519269,"TreeMovement"
"Stationary","Murray",2023-05-17 12:26:11.702398,0.244214214819897,0.000176381770196023,0.0974992661589323,0.658110137250975,"TreeMovement"
"Stationary","Murray",2023-05-17 12:26:13.862405,0.232860787937052,0.000137289690155103,0.110396336801851,0.656605585570942,"TreeMovement"
"Stationary","Murray",2023-05-17 12:26:15.936,0.154810217412686,0.00160598712063253,0.0967187872808672,0.746865008185814,"TreeMovement"
"Stationary","Murray",2023-05-17 12:26:17.923195,0.561959070478828,0.000467695394426791,0.0958476145434414,0.341725619583303,"Foraging"
"Stationary","Murray",2023-05-17 12:26:19.9104,0.339440721978679,0.000346737049112457,0.118211068144792,0.542001472827416,"TreeMovement"
"Stationary","Murray",2023-05-17 12:26:21.983996,0.18219322345907,0.000183305960811683,0.115050181354423,0.702573289225695,"TreeMovement"
"Stationary","Murray",2023-05-17 12:26:23.971201,0.251664186983683,0.00350422007172229,0.130033325378484,0.614798267566111,"TreeMovement"
"TreeMovement","Murray",2023-05-17 12:26:26.131198,0.113105077086761,0.00156529196308212,0.0259953543973928,0.859334276552764,"TreeMovement"
"TreeMovement","Murray",2023-05-17 12:26:28.118403,0.0740099160418345,0.00679580222049281,0.0284612549375446,0.890733026800128,"TreeMovement"
"TreeMovement","Murray",2023-05-17 12:26:30.105598,0.139769639954844,0.0116958349966318,0.0451546337936997,0.803379891254825,"TreeMovement"
"TreeMovement","Murray",2023-05-17 12:26:32.179204,0.14265867740499,0.00233502249447749,0.0420592175921874,0.812947082508346,"TreeMovement"
"Stationary","Murray",2023-05-17 12:26:34.166399,0.204150433923686,0.0040599451065081,0.114815894780305,0.676973726189502,"TreeMovement"
"Stationary","Murray",2023-05-17 12:26:36.240004,0.166774831668612,0.00712918077364156,0.208598984525287,0.61749700303246,"TreeMovement"
"Stationary","Murray",2023-05-17 12:26:38.227199,0.202373346653267,0.00305157155935307,0.346160971690378,0.448414110097003,"TreeMovement"
"Stationary","Murray",2023-05-17 12:26:40.214404,0.142294746283261,0.00307770669532041,0.205895707069117,0.648731839952302,"TreeMovement"
"Stationary","Murray",2023-05-17 12:26:41.942397,0.258250550398458,0.00205944248242133,0.117444342249787,0.622245664869334,"TreeMovement"
"TreeMovement","Murray",2023-05-17 12:26:44.016003,0.14841121793565,0.00576805980268103,0.0721336711379817,0.773687051123687,"TreeMovement"
"TreeMovement","Murray",2023-05-17 12:26:46.003198,0.231843761730586,0.0411989696952503,0.303656848952835,0.423300419621328,"TreeMovement"
"TreeMovement","Murray",2023-05-17 12:26:47.990403,0.241564857503877,0.0335502582814059,0.116064367499157,0.608820516715561,"TreeMovement"
"TreeMovement","Murray",2023-05-17 12:26:50.063999,0.0972869374822542,0.000346580900322269,0.027394470366371,0.874972011251052,"TreeMovement"
"TreeMovement","Murray",2023-05-17 12:26:52.051204,0.09516469870373,0.0149478339918274,0.0611204097682296,0.828767057536214,"TreeMovement"
"TreeMovement","Murray",2023-05-17 12:26:54.038399,0.135209405537965,0.00528480771810148,0.0687848379261247,0.790720948817809,"TreeMovement"
"Stationary","Murray",2023-05-17 12:26:56.8032,0.168022178259787,0.00238240367781599,0.141892433440063,0.687702984622334,"TreeMovement"
"Stationary","Murray",2023-05-17 12:26:58.876796,0.314891555904394,0.00767515147564393,0.147560807837229,0.529872484782733,"TreeMovement"
"Stationary","Murray",2023-05-17 12:27:00.864001,0.205757948868655,0.00311149278872553,0.148277218735539,0.642853339607081,"TreeMovement"
"Stationary","Murray",2023-05-17 12:27:02.851196,0.221307054310021,0.00305157155935307,0.473807335495203,0.301834038635424,"Stationary"
"Stationary","Murray",2023-05-17 12:27:04.924801,0.134801300548915,0.000149385958072603,0.215056976485775,0.649992337007238,"TreeMovement"
"Stationary","Murray",2023-05-17 12:27:06.911996,0.175710346322186,0.000729422968830549,0.149457325530423,0.67410290517856,"TreeMovement"
"Stationary","Murray",2023-05-17 12:27:08.899201,0.222973072222356,0.00259610629391542,0.149971214929545,0.624459606554183,"TreeMovement"
"Stationary","Murray",2023-05-17 12:27:10.972797,0.210888496170634,0.00776819137322165,0.284464239969606,0.496879072486539,"TreeMovement"
"Stationary","Murray",2023-05-17 12:27:12.960002,0.279382159046493,0.000884955752212389,0.416640200634687,0.303092684566608,"Stationary"
"Stationary","Murray",2023-05-17 12:27:14.947197,0.171981859106432,0.000151746798624981,0.329335209200476,0.498531184894466,"TreeMovement"
"Stationary","Murray",2023-05-17 12:27:17.020803,0.261837235162717,0.000478552960355364,0.172153779274335,0.565530432602592,"TreeMovement"
"Stationary","Murray",2023-05-17 12:27:19.007998,0.213599570866982,0.00110772988994962,0.312404189474372,0.472888509768696,"TreeMovement"
